model,seed,horizon,R2,RMSE
cnn_gru__concat@w10_1min,0,30,0.6063034876840493,28.061829733740254
cnn_gru__concat@w10_1min,1,30,0.5898838432666038,28.641030574827365
cnn_gru__concat@w10_1min,2,30,0.6137588478538938,27.794858882361474
cnn_gru__concat@w10_1min,3,30,0.5433964867058714,30.220721308199128
cnn_gru__concat@w10_1min,4,30,0.6130758902304188,27.81942168035846
cnn_gru__concat@w10_1min,5,30,0.5946966591018907,28.47247978480204
cnn_gru__concat@w10_1min,6,30,0.617276875590344,27.66798637675365
cnn_gru__concat@w10_1min,7,30,0.6078479403466577,28.00673303460237
cnn_gru__concat@w10_1min,8,30,0.6145253898247995,27.76726406583881
cnn_gru__concat@w10_1min,9,30,0.5885333414145985,28.688148901740462
cnn_gru__concat@w10_1min,10,30,0.6233406950232185,27.447927114015705
cnn_gru__concat@w10_1min,11,30,0.6439420159472747,26.686742537972126
cnn_gru__concat@w10_1min,12,30,0.5657579979424074,29.471423661557587
cnn_gru__concat@w10_1min,13,30,0.577786329799888,29.060383868075082
cnn_gru__concat@w10_1min,14,30,0.6326670957861165,27.10598025844807
cnn_gru__concat@w10_5min,0,30,0.6025355168919475,28.19579633163506
cnn_gru__concat@w10_5min,1,30,0.6088008296406651,27.972685594332216
cnn_gru__concat@w10_5min,2,30,0.6244584018698132,27.407172075352033
cnn_gru__concat@w10_5min,3,30,0.6053097769326357,28.097222183498364
cnn_gru__concat@w10_5min,4,30,0.6276059532736488,27.292075637981984
cnn_gru__concat@w10_5min,5,30,0.6187833029132102,27.61348104035314
cnn_gru__concat@w10_5min,6,30,0.6420162811811528,26.75881266390837
cnn_gru__concat@w10_5min,7,30,0.6541243038632205,26.30239070168501
cnn_gru__concat@w10_5min,8,30,0.5862302298323467,28.768325275574337
cnn_gru__concat@w10_5min,9,30,0.6176795825976202,27.65342621068008
cnn_gru__concat@w10_5min,10,30,0.6248552657967896,27.392686605391635
cnn_gru__concat@w10_5min,11,30,0.6239122657640146,27.42709344809547
cnn_gru__concat@w10_5min,12,30,0.5867171800328939,28.75139210791558
cnn_gru__concat@w10_5min,13,30,0.599403832043591,28.30665793148478
cnn_gru__concat@w10_5min,14,30,0.6289660310886322,27.24219124632115
cnn_gru__concat@w5_1min,0,30,0.6333122303189139,27.082167133596567
cnn_gru__concat@w5_1min,1,30,0.6392356538954823,26.86253575527014
cnn_gru__concat@w5_1min,2,30,0.6327520400912734,27.10284600099578
cnn_gru__concat@w5_1min,3,30,0.6028813942091973,28.183525538439884
cnn_gru__concat@w5_1min,4,30,0.6060301098893222,28.07157092982199
cnn_gru__concat@w5_1min,5,30,0.6306083832066328,27.181831690270705
cnn_gru__concat@w5_1min,6,30,0.6307565050145361,27.176381342229217
cnn_gru__concat@w5_1min,7,30,0.6442816952326302,26.674009925506994
cnn_gru__concat@w5_1min,8,30,0.5765544771207367,29.102746350728914
cnn_gru__concat@w5_1min,9,30,0.6391226540382722,26.866742414104515
cnn_gru__concat@w5_1min,10,30,0.6283872162373323,27.26343194309852
cnn_gru__concat@w5_1min,11,30,0.6282954917156913,27.266796427676535
cnn_gru__concat@w5_1min,12,30,0.63795031580828,26.91034638512496
cnn_gru__concat@w5_1min,13,30,0.6137490640701854,27.795210912646077
cnn_gru__concat@w5_1min,14,30,0.6318823344767965,27.13491909748442
cnn_gru__concat@w60,0,30,0.5734887103028505,29.20790901968537
cnn_gru__concat@w60,1,30,0.5773927345538468,29.073926021376778
cnn_gru__concat@w60,2,30,0.5655707874122671,29.477775841089
cnn_gru__concat@w60,3,30,0.5356158322424431,30.477118519052702
cnn_gru__concat@w60,4,30,0.6047548362837671,28.116967812978412
cnn_gru__concat@w60,5,30,0.5644973225496872,29.514172833145576
cnn_gru__concat@w60,6,30,0.5700742113880373,29.324590066006486
cnn_gru__concat@w60,7,30,0.5696885109472811,29.33774113997557
cnn_gru__concat@w60,8,30,0.49280142811615735,31.851083637009655
cnn_gru__concat@w60,9,30,0.5766894349078048,29.098108262674067
cnn_gru__concat@w60,10,30,0.5704264628117832,29.312574334933775
cnn_gru__concat@w60,11,30,0.6056800650533787,28.084039048543286
cnn_gru__concat@w60,12,30,0.5749032636573828,29.159433796929598
cnn_gru__concat@w60,13,30,0.5855396134658267,28.792323636896207
cnn_gru__concat@w60,14,30,0.5819301014810312,28.91742720366077
dl_current@w10_1min,0,30,0.6413629499609179,26.783219358427882
dl_current@w10_1min,1,30,0.6142202887021783,27.778250713891897
dl_current@w10_1min,2,30,0.6452163956029291,26.638941999000846
dl_current@w10_1min,3,30,0.6044078754004276,28.12930616508408
dl_current@w10_1min,4,30,0.6329771243778672,27.09453913419358
dl_current@w10_1min,5,30,0.6247578182927351,27.396244133154713
dl_current@w10_1min,6,30,0.6357636678411501,26.99148838832626
dl_current@w10_1min,7,30,0.638387658107902,26.894088134433982
dl_current@w10_1min,8,30,0.5649400796424187,29.499166114421268
dl_current@w10_1min,9,30,0.6411614511862241,26.790742323574385
dl_current@w10_1min,10,30,0.6288963877787881,27.244747814593868
dl_current@w10_1min,11,30,0.641923753256557,26.762270610879554
dl_current@w10_1min,12,30,0.5947332630659411,28.47119404514311
dl_current@w10_1min,13,30,0.628936318627751,27.243282004048634
dl_current@w10_1min,14,30,0.6447829357332486,26.65521020792123
dl_current@w10_5min,0,30,0.6409350766303374,26.79919150806976
dl_current@w10_5min,1,30,0.6191020974993153,27.601932661843303
dl_current@w10_5min,2,30,0.6534290749064301,26.328812049036912
dl_current@w10_5min,3,30,0.5966741390830146,28.402936065528632
dl_current@w10_5min,4,30,0.6321629366688233,27.12457516396214
dl_current@w10_5min,5,30,0.6096805906418548,27.94121424779866
dl_current@w10_5min,6,30,0.6375285176948402,26.926017479143027
dl_current@w10_5min,7,30,0.6213792210127465,27.519302605442274
dl_current@w10_5min,8,30,0.6046757791819088,28.11977965617076
dl_current@w10_5min,9,30,0.6226762465934115,27.47212629855575
dl_current@w10_5min,10,30,0.6313072022767838,27.156108076342058
dl_current@w10_5min,11,30,0.6462705585319803,26.599336623265746
dl_current@w10_5min,12,30,0.5518857632203344,29.938467956477805
dl_current@w10_5min,13,30,0.6240506490573015,27.42204701826806
dl_current@w10_5min,14,30,0.6414452256982914,26.78014698272109
dl_current@w5_1min,0,30,0.641174974041559,26.790237513336994
dl_current@w5_1min,1,30,0.620864696536725,27.537994854206683
dl_current@w5_1min,2,30,0.625562298946754,27.36686101087911
dl_current@w5_1min,3,30,0.5910317235554967,28.600920583090176
dl_current@w5_1min,4,30,0.6202849881815851,27.559039990157405
dl_current@w5_1min,5,30,0.6314377841886996,27.151298638002967
dl_current@w5_1min,6,30,0.6419064164226123,26.762918472096157
dl_current@w5_1min,7,30,0.6318107652375055,27.13755674750396
dl_current@w5_1min,8,30,0.46803361850464487,32.61949964577946
dl_current@w5_1min,9,30,0.6201233608570018,27.564904677971416
dl_current@w5_1min,10,30,0.6473001544203301,26.560597233921328
dl_current@w5_1min,11,30,0.6476460851022479,26.54756862095229
dl_current@w5_1min,12,30,0.5903987096085453,28.623046726236634
dl_current@w5_1min,13,30,0.6425235203623626,26.739848212491452
dl_current@w5_1min,14,30,0.6500644277433842,26.456308593039257
dl_current@w60,0,30,0.6278246629045741,27.284060047353428
dl_current@w60,1,30,0.6258830916615163,27.355135467816947
dl_current@w60,2,30,0.635565007492709,26.998848180671235
dl_current@w60,3,30,0.6043444465034489,28.1315611889305
dl_current@w60,4,30,0.6344955746155155,27.0384331618743
dl_current@w60,5,30,0.6085603010756424,27.981283767004065
dl_current@w60,6,30,0.6418326033906849,26.765676620325895
dl_current@w60,7,30,0.6254817733068934,27.36980357718324
dl_current@w60,8,30,0.6512249185574721,26.41240365406116
dl_current@w60,9,30,0.5866735581056579,28.75290942000878
dl_current@w60,10,30,0.6263461709155473,27.338200229343528
dl_current@w60,11,30,0.6429282211191469,26.724707773937386
dl_current@w60,12,30,0.6172998842641022,27.66715468773402
dl_current@w60,13,30,0.6435780944694208,26.700377112809228
dl_current@w60,14,30,0.6332058953402684,27.0860935979578
persistence_5min,0,30,0.4055835821950724,34.48105931013722
persistence_5min,1,30,0.4055835821950725,34.48105931013722
persistence_5min,2,30,0.4055835821950723,34.48105931013722
persistence_5min,3,30,0.4055835821950725,34.48105931013722
persistence_5min,4,30,0.4055835821950723,34.48105931013722
persistence_5min,5,30,0.4055835821950724,34.48105931013722
persistence_5min,6,30,0.4055835821950724,34.48105931013722
persistence_5min,7,30,0.4055835821950724,34.48105931013722
persistence_5min,8,30,0.4055835821950724,34.48105931013722
persistence_5min,9,30,0.4055835821950724,34.48105931013722
persistence_5min,10,30,0.4055835821950724,34.48105931013722
persistence_5min,11,30,0.4055835821950724,34.48105931013722
persistence_5min,12,30,0.4055835821950724,34.48105931013722
persistence_5min,13,30,0.4055835821950724,34.48105931013722
persistence_5min,14,30,0.4055835821950723,34.48105931013722
rf_highres@w10_1min,0,30,0.6275194034126406,27.295246993890633
rf_highres@w10_1min,1,30,0.6221564510342102,27.491042381318877
rf_highres@w10_1min,2,30,0.6068002747208248,28.044119196086125
rf_highres@w10_1min,3,30,0.6074508400571459,28.020909509637566
rf_highres@w10_1min,4,30,0.6201014407633798,27.565699957955474
rf_highres@w10_1min,5,30,0.6042685278319824,28.134260011545617
rf_highres@w10_1min,6,30,0.63027505623372,27.19409292499341
rf_highres@w10_1min,7,30,0.6100592218173757,27.927658706567126
rf_highres@w10_1min,8,30,0.6059579528677499,28.074141517398942
rf_highres@w10_1min,9,30,0.6288168594922187,27.247666961658457
rf_highres@w10_1min,10,30,0.5928697949089394,28.53657606379625
rf_highres@w10_1min,11,30,0.6333111279331869,27.082207842579162
rf_highres@w10_1min,12,30,0.6165000838490334,27.69605022707734
rf_highres@w10_1min,13,30,0.6086578795096782,27.977795950057722
rf_highres@w10_1min,14,30,0.6297208957420624,27.21446516323196
rf_highres@w60,0,30,0.6026103187308427,28.193143017005156
rf_highres@w60,1,30,0.6143333042619803,27.774181546412027
rf_highres@w60,2,30,0.5823862903270359,28.901645861341127
rf_highres@w60,3,30,0.5884898462094594,28.68966514117542
rf_highres@w60,4,30,0.6032238740574137,28.17137001189411
rf_highres@w60,5,30,0.5822645225654464,28.905859123669707
rf_highres@w60,6,30,0.6006962764358756,28.260958121643103
rf_highres@w60,7,30,0.586045583866797,28.774743534101205
rf_highres@w60,8,30,0.5856177469129419,28.789609566258644
rf_highres@w60,9,30,0.6214735192164803,27.515875452807027
rf_highres@w60,10,30,0.5829868887273345,28.88085568205743
rf_highres@w60,11,30,0.6129851970846993,27.822681858480404
rf_highres@w60,12,30,0.5896670657158982,28.648599055275916
rf_highres@w60,13,30,0.6028734903053452,28.183806007252514
rf_highres@w60,14,30,0.6217971580109556,27.504109949590703
sa__concat@w10_1min,0,30,0.6299138919385134,27.207371901986612
sa__concat@w10_1min,1,30,0.6384296137722846,26.892527911045597
sa__concat@w10_1min,2,30,0.6363968862912432,26.968016068682495
sa__concat@w10_1min,3,30,0.5977021719650506,28.366715003164867
sa__concat@w10_1min,4,30,0.6387369872806075,26.881094717854783
sa__concat@w10_1min,5,30,0.6665807954409125,25.8244158777669
sa__concat@w10_1min,6,30,0.6430723615747551,26.719313199779158
sa__concat@w10_1min,7,30,0.6338722581562872,27.061478465914924
sa__concat@w10_1min,8,30,0.6284712057694917,27.260350816193668
sa__concat@w10_1min,9,30,0.6249836107668154,27.388000395014394
sa__concat@w10_1min,10,30,0.6425165548765646,26.740108726310233
sa__concat@w10_1min,11,30,0.6541406018923048,26.301770996132586
sa__concat@w10_1min,12,30,0.6479594695126646,26.53576025941827
sa__concat@w10_1min,13,30,0.6108835593686464,27.89812345528213
sa__concat@w10_1min,14,30,0.6365904960231468,26.960835209389998
sa__concat@w10_5min,0,30,0.6509751856383876,26.421857979640237
sa__concat@w10_5min,1,30,0.638254140064823,26.899052725242303
sa__concat@w10_5min,2,30,0.6255698119603966,27.366586454349505
sa__concat@w10_5min,3,30,0.6202815289922532,27.559165520775167
sa__concat@w10_5min,4,30,0.6450030351825318,26.646950883194446
sa__concat@w10_5min,5,30,0.6018877908784788,28.218761548621465
sa__concat@w10_5min,6,30,0.6424478885696783,26.742676756204602
sa__concat@w10_5min,7,30,0.6416342200205731,26.773088140919448
sa__concat@w10_5min,8,30,0.5906863648790803,28.61299424773999
sa__concat@w10_5min,9,30,0.6227549126876616,27.469262395198143
sa__concat@w10_5min,10,30,0.6528391850538349,26.351209334523684
sa__concat@w10_5min,11,30,0.651615406124854,26.397613888078627
sa__concat@w10_5min,12,30,0.6248240307804178,27.393826956204954
sa__concat@w10_5min,13,30,0.6594230311242895,26.10014015396372
sa__concat@w10_5min,14,30,0.6593730369540116,26.102055737059665
sa__concat@w5_1min,0,30,0.6329322767266554,27.096194466059526
sa__concat@w5_1min,1,30,0.6390060904163715,26.87108105158934
sa__concat@w5_1min,2,30,0.620650663561551,27.545766759527133
sa__concat@w5_1min,3,30,0.6191037457156436,27.60187294242109
sa__concat@w5_1min,4,30,0.6414188855810544,26.78113062498068
sa__concat@w5_1min,5,30,0.5903077593998455,28.62622436219523
sa__concat@w5_1min,6,30,0.6560159564045179,26.23036598147266
sa__concat@w5_1min,7,30,0.6195004430470368,27.58749574435802
sa__concat@w5_1min,8,30,0.5188245007432932,31.023225830628544
sa__concat@w5_1min,9,30,0.6369062822083499,26.949118799183655
sa__concat@w5_1min,10,30,0.6357642390446212,26.991467223993464
sa__concat@w5_1min,11,30,0.6369597465384289,26.947134642539005
sa__concat@w5_1min,12,30,0.6491953781053242,26.48913976271313
sa__concat@w5_1min,13,30,0.6251952295019101,27.38027189030049
sa__concat@w5_1min,14,30,0.6393896100339429,26.856803351783984
sa__concat@w60,0,30,0.6308181872353418,27.17411133667755
sa__concat@w60,1,30,0.608962976007259,27.966887857825643
sa__concat@w60,2,30,0.6292179653482886,27.2329408712891
sa__concat@w60,3,30,0.6049969602700882,28.108354380260863
sa__concat@w60,4,30,0.6446142838893694,26.6615372081359
sa__concat@w60,5,30,0.595428294317205,28.446769562019014
sa__concat@w60,6,30,0.6226410825232893,27.473406378673893
sa__concat@w60,7,30,0.6320501598557446,27.128732967802566
sa__concat@w60,8,30,0.5390691413642785,30.363588265404385
sa__concat@w60,9,30,0.5605630313380825,29.647187262607936
sa__concat@w60,10,30,0.6260369110416968,27.349511313327984
sa__concat@w60,11,30,0.6303659956000378,27.190748322867915
sa__concat@w60,12,30,0.6202433359218334,27.56055147216232
sa__concat@w60,13,30,0.6181848362563331,27.635147545271927
sa__concat@w60,14,30,0.6049661689767969,28.109449910713206
cnn_gru__concat@w10_1min,0,60,0.5408990123528292,38.30483734076901
cnn_gru__concat@w10_1min,1,60,0.5382000751850595,38.41726451623145
cnn_gru__concat@w10_1min,2,60,0.5024920868101986,39.87489067733444
cnn_gru__concat@w10_1min,3,60,0.5024445683711667,39.87679491570853
cnn_gru__concat@w10_1min,4,60,0.5521417073361695,37.832916249726985
cnn_gru__concat@w10_1min,5,60,0.5069986478784281,39.69388107083358
cnn_gru__concat@w10_1min,6,60,0.5414125905817836,38.28340628763211
cnn_gru__concat@w10_1min,7,60,0.5640881770495196,37.3249154899227
cnn_gru__concat@w10_1min,8,60,0.5204134942049439,39.15010997373114
cnn_gru__concat@w10_1min,9,60,0.5020958384300365,39.89076702377941
cnn_gru__concat@w10_1min,10,60,0.5317410715698639,38.68499476492845
cnn_gru__concat@w10_1min,11,60,0.5763344869091533,36.79688585600646
cnn_gru__concat@w10_1min,12,60,0.4995185714997388,39.993875678851005
cnn_gru__concat@w10_1min,13,60,0.5061886924207726,39.72647437035203
cnn_gru__concat@w10_1min,14,60,0.5942736417613778,36.0094195074604
cnn_gru__concat@w10_5min,0,60,0.5190167329629045,39.20707946527266
cnn_gru__concat@w10_5min,1,60,0.507878324006352,39.65845180725387
cnn_gru__concat@w10_5min,2,60,0.5100039385826214,39.57271101193289
cnn_gru__concat@w10_5min,3,60,0.5408893300511085,38.30524125738766
cnn_gru__concat@w10_5min,4,60,0.531845046692069,38.68069959817177
cnn_gru__concat@w10_5min,5,60,0.5096071700517493,39.58872953786242
cnn_gru__concat@w10_5min,6,60,0.5863735263719367,36.35830869730197
cnn_gru__concat@w10_5min,7,60,0.5463648031679093,38.07613699017159
cnn_gru__concat@w10_5min,8,60,0.48707331611404103,40.48807747962692
cnn_gru__concat@w10_5min,9,60,0.53640746394892,38.49175621023296
cnn_gru__concat@w10_5min,10,60,0.536697253842503,38.47972380593873
cnn_gru__concat@w10_5min,11,60,0.5631034184889172,37.36705164321516
cnn_gru__concat@w10_5min,12,60,0.5127998629702335,39.459648275236425
cnn_gru__concat@w10_5min,13,60,0.46563366643360515,41.325589108823
cnn_gru__concat@w10_5min,14,60,0.5760853877312669,36.807701849759454
cnn_gru__concat@w5_1min,0,60,0.5527296379277377,37.80807531905136
cnn_gru__concat@w5_1min,1,60,0.5627546314400773,37.381964261066585
cnn_gru__concat@w5_1min,2,60,0.5376833957007046,38.4387498634423
cnn_gru__concat@w5_1min,3,60,0.5265597837976256,38.898430817677756
cnn_gru__concat@w5_1min,4,60,0.5560771074183576,37.66632763915591
cnn_gru__concat@w5_1min,5,60,0.5385999385304661,38.40062854265987
cnn_gru__concat@w5_1min,6,60,0.5593610967186096,37.52674773246594
cnn_gru__concat@w5_1min,7,60,0.5524641023268748,37.81929660850361
cnn_gru__concat@w5_1min,8,60,0.4644975575378514,41.369496666074504
cnn_gru__concat@w5_1min,9,60,0.5737849817302716,36.90743667333538
cnn_gru__concat@w5_1min,10,60,0.5311870754851304,38.707872065544215
cnn_gru__concat@w5_1min,11,60,0.5687333145006552,37.12551308806825
cnn_gru__concat@w5_1min,12,60,0.555060067185441,37.709450279472996
cnn_gru__concat@w5_1min,13,60,0.5359751279778816,38.50970030064681
cnn_gru__concat@w5_1min,14,60,0.56984462055404,37.07764894526617
cnn_gru__concat@w60,0,60,0.5118351281236758,39.49869718781266
cnn_gru__concat@w60,1,60,0.5411877831305734,38.292788730675795
cnn_gru__concat@w60,2,60,0.5004485531370275,39.95670060903813
cnn_gru__concat@w60,3,60,0.5054190284846616,39.75742154525196
cnn_gru__concat@w60,4,60,0.5380226797727274,38.42464259465628
cnn_gru__concat@w60,5,60,0.5068033306284527,39.70174325206743
cnn_gru__concat@w60,6,60,0.5436450880177156,38.19010686746019
cnn_gru__concat@w60,7,60,0.5131785494783735,39.44430987519406
cnn_gru__concat@w60,8,60,0.42319037925699643,42.93542406353882
cnn_gru__concat@w60,9,60,0.5219320537507677,39.08807850591111
cnn_gru__concat@w60,10,60,0.506943883468572,39.696085681020726
cnn_gru__concat@w60,11,60,0.551712228418691,37.851052060362996
cnn_gru__concat@w60,12,60,0.524432486500994,38.985723551965286
cnn_gru__concat@w60,13,60,0.5115634679900818,39.509686025361184
cnn_gru__concat@w60,14,60,0.5819878321926354,36.55055457460161
dl_current@w10_1min,0,60,0.5487531212222867,37.975772274594
dl_current@w10_1min,1,60,0.5165435558637952,39.30775003869143
dl_current@w10_1min,2,60,0.5397661533906056,38.352067953549856
dl_current@w10_1min,3,60,0.4839610027004594,40.61072757414104
dl_current@w10_1min,4,60,0.5484976809872979,37.986519349229226
dl_current@w10_1min,5,60,0.5034324965453458,39.837186279511315
dl_current@w10_1min,6,60,0.5718961381879344,36.989127023957934
dl_current@w10_1min,7,60,0.5576349926351585,37.6001772010246
dl_current@w10_1min,8,60,0.42563762402642946,42.84424564459049
dl_current@w10_1min,9,60,0.5609129781106368,37.46060692228293
dl_current@w10_1min,10,60,0.5391546449272965,38.377538515053445
dl_current@w10_1min,11,60,0.5574063607420642,37.609892582069136
dl_current@w10_1min,12,60,0.5295340035335767,38.77605554318239
dl_current@w10_1min,13,60,0.5272013236285427,38.872067032503494
dl_current@w10_1min,14,60,0.5751736228213851,36.84726399740397
dl_current@w10_5min,0,60,0.5703786176660679,37.054627605795446
dl_current@w10_5min,1,60,0.5246738905408566,38.975827474622555
dl_current@w10_5min,2,60,0.5466266217086072,38.065147457689186
dl_current@w10_5min,3,60,0.5045473986525668,39.79243957263311
dl_current@w10_5min,4,60,0.5371802654735618,38.459660250260164
dl_current@w10_5min,5,60,0.47915912526786864,40.79923676267708
dl_current@w10_5min,6,60,0.558451324834449,37.56546784499345
dl_current@w10_5min,7,60,0.5331761782601856,38.62566893733451
dl_current@w10_5min,8,60,0.5099899448819678,39.57327608251393
dl_current@w10_5min,9,60,0.5387116212561418,38.39598079033602
dl_current@w10_5min,10,60,0.5235735241566022,39.020915359804995
dl_current@w10_5min,11,60,0.5647408640419131,37.29696188618515
dl_current@w10_5min,12,60,0.5175447448984654,39.26702777228864
dl_current@w10_5min,13,60,0.5100243708820369,39.571885933964964
dl_current@w10_5min,14,60,0.5715037384528605,37.00607524664621
dl_current@w5_1min,0,60,0.5601465774266076,37.49328531679963
dl_current@w5_1min,1,60,0.5192065473894232,39.199342393953785
dl_current@w5_1min,2,60,0.49124287769399044,40.32317865781775
dl_current@w5_1min,3,60,0.48618786720543805,40.523009046604294
dl_current@w5_1min,4,60,0.48360527169428724,40.62472264645649
dl_current@w5_1min,5,60,0.5054712898218765,39.75532094795314
dl_current@w5_1min,6,60,0.5610371808371919,37.455308384230214
dl_current@w5_1min,7,60,0.5248179816256617,38.96991943082829
dl_current@w5_1min,8,60,0.3821165616902271,44.43782417152127
dl_current@w5_1min,9,60,0.5068991048398162,39.69788821005109
dl_current@w5_1min,10,60,0.5509794009580486,37.88197746727263
dl_current@w5_1min,11,60,0.5783150356967417,36.71077618043395
dl_current@w5_1min,12,60,0.5267495254733614,38.8906353317509
dl_current@w5_1min,13,60,0.5565955577680974,37.644326266800334
dl_current@w5_1min,14,60,0.5835231779219585,36.4833682978311
dl_current@w60,0,60,0.5567178086414284,37.639136457480724
dl_current@w60,1,60,0.5464484229597734,38.07262749023537
dl_current@w60,2,60,0.4895329895617715,40.39088315434094
dl_current@w60,3,60,0.5296585440846378,38.77092285453253
dl_current@w60,4,60,0.5340275844165483,38.59042958241856
dl_current@w60,5,60,0.477052235529576,40.88167339795949
dl_current@w60,6,60,0.5615346238634896,37.43407974862027
dl_current@w60,7,60,0.5431202041096077,38.212063037376694
dl_current@w60,8,60,0.5250194880481258,38.96165573246959
dl_current@w60,9,60,0.5164561392623204,39.311303610733034
dl_current@w60,10,60,0.5256634518297656,38.9352352748644
dl_current@w60,11,60,0.565785389570963,37.252182780897584
dl_current@w60,12,60,0.5651857724778088,37.277895111735106
dl_current@w60,13,60,0.5417145994651082,38.2707981863867
dl_current@w60,14,60,0.5374549697999724,38.44824478712619
persistence_5min,0,60,-0.023596099031794715,57.195758006007146
persistence_5min,1,60,-0.023596099031794715,57.195758006007146
persistence_5min,2,60,-0.023596099031794715,57.195758006007146
persistence_5min,3,60,-0.023596099031794715,57.195758006007146
persistence_5min,4,60,-0.023596099031794715,57.19575800600715
persistence_5min,5,60,-0.023596099031794715,57.195758006007146
persistence_5min,6,60,-0.023596099031794715,57.19575800600715
persistence_5min,7,60,-0.023596099031794715,57.195758006007146
persistence_5min,8,60,-0.023596099031794493,57.195758006007146
persistence_5min,9,60,-0.023596099031794715,57.195758006007146
persistence_5min,10,60,-0.023596099031794715,57.195758006007146
persistence_5min,11,60,-0.023596099031794715,57.195758006007146
persistence_5min,12,60,-0.023596099031794715,57.195758006007146
persistence_5min,13,60,-0.023596099031794715,57.195758006007146
persistence_5min,14,60,-0.023596099031794715,57.195758006007146
rf_highres@w10_1min,0,60,0.5434111423979233,38.19989449464126
rf_highres@w10_1min,1,60,0.5140406358054834,39.40936948002328
rf_highres@w10_1min,2,60,0.41316076627448783,43.30709769072984
rf_highres@w10_1min,3,60,0.4691297564370125,41.19018100228183
rf_highres@w10_1min,4,60,0.5182814770705938,39.23703500622735
rf_highres@w10_1min,5,60,0.48341079374536056,40.6323717069389
rf_highres@w10_1min,6,60,0.5895819581207655,36.21702150243459
rf_highres@w10_1min,7,60,0.5384522598055451,38.40677342931536
rf_highres@w10_1min,8,60,0.4492944761644251,41.952633232031985
rf_highres@w10_1min,9,60,0.5101227766425147,39.567911963793755
rf_highres@w10_1min,10,60,0.49088370907647816,40.337409677375454
rf_highres@w10_1min,11,60,0.4976946574493717,40.06668462777612
rf_highres@w10_1min,12,60,0.5098009506620282,39.580906945738626
rf_highres@w10_1min,13,60,0.48311184623342895,40.644126878594726
rf_highres@w10_1min,14,60,0.5253184983719252,38.94939020677829
rf_highres@w60,0,60,0.5135741060898105,39.428281793246285
rf_highres@w60,1,60,0.5093811604697538,39.597851206242076
rf_highres@w60,2,60,0.39426974808492543,43.998628691700745
rf_highres@w60,3,60,0.47009827259039805,41.15259030280718
rf_highres@w60,4,60,0.4913701866693023,40.31813320143277
rf_highres@w60,5,60,0.466908573098449,41.27626177631553
rf_highres@w60,6,60,0.5320023468774733,38.6742006896821
rf_highres@w60,7,60,0.5106611250584383,39.546164496083755
rf_highres@w60,8,60,0.4545990882307773,41.75009218646389
rf_highres@w60,9,60,0.4837740717065031,40.61808236355971
rf_highres@w60,10,60,0.4830125444773504,40.64803085600001
rf_highres@w60,11,60,0.4667843304154833,41.28107143417356
rf_highres@w60,12,60,0.4750691139070261,40.95911575438648
rf_highres@w60,13,60,0.46834302217937696,41.22069102772365
rf_highres@w60,14,60,0.5250654479359784,38.95977069023925
sa__concat@w10_1min,0,60,0.542954314397786,38.218999668058096
sa__concat@w10_1min,1,60,0.5224122920314169,39.068440807614365
sa__concat@w10_1min,2,60,0.5351627115996012,38.54339701739209
sa__concat@w10_1min,3,60,0.5289439000046597,38.800366244399754
sa__concat@w10_1min,4,60,0.5516449224638685,37.85389343340994
sa__concat@w10_1min,5,60,0.5583956622582348,37.567835562235054
sa__concat@w10_1min,6,60,0.5537501263909967,37.76491938855174
sa__concat@w10_1min,7,60,0.550555393012918,37.89985912946001
sa__concat@w10_1min,8,60,0.5006480557222156,39.94872118954686
sa__concat@w10_1min,9,60,0.5272929600017802,38.86829981821503
sa__concat@w10_1min,10,60,0.5419172286308138,38.26233660625062
sa__concat@w10_1min,11,60,0.5720584357529108,36.982114923788465
sa__concat@w10_1min,12,60,0.5677743946973466,37.1667643874876
sa__concat@w10_1min,13,60,0.4961635637058187,40.12770246741619
sa__concat@w10_1min,14,60,0.573947935923963,36.900380614434766
sa__concat@w10_5min,0,60,0.581682925351124,36.56388251513686
sa__concat@w10_5min,1,60,0.5642137998485925,37.31953688125187
sa__concat@w10_5min,2,60,0.5184262236441999,39.231139599670136
sa__concat@w10_5min,3,60,0.5383367038240201,38.41158100853141
sa__concat@w10_5min,4,60,0.5667290877733364,37.21167983747675
sa__concat@w10_5min,5,60,0.5016240339000446,39.90966241533139
sa__concat@w10_5min,6,60,0.5602867679863035,37.48730989036642
sa__concat@w10_5min,7,60,0.5063548288238704,39.719791079919055
sa__concat@w10_5min,8,60,0.4545791833041605,41.75085403423596
sa__concat@w10_5min,9,60,0.5527879750001216,37.805609601962416
sa__concat@w10_5min,10,60,0.570987073579343,37.02837880084986
sa__concat@w10_5min,11,60,0.5684704961914664,37.1368236979696
sa__concat@w10_5min,12,60,0.5500025274709651,37.92316243092978
sa__concat@w10_5min,13,60,0.565656653735248,37.25770463042052
sa__concat@w10_5min,14,60,0.5959938174637984,35.93300307321254
sa__concat@w5_1min,0,60,0.5389153550346039,38.38750082148343
sa__concat@w5_1min,1,60,0.5433596402721613,38.20204886203539
sa__concat@w5_1min,2,60,0.5013398713773489,39.921038580128325
sa__concat@w5_1min,3,60,0.55202737506358,37.83774506202927
sa__concat@w5_1min,4,60,0.5693484591825236,37.09902633148965
sa__concat@w5_1min,5,60,0.5422512330590937,38.248384847899146
sa__concat@w5_1min,6,60,0.5923684724050157,36.09386521048557
sa__concat@w5_1min,7,60,0.4967190046271577,40.105577515080405
sa__concat@w5_1min,8,60,0.4230020029365853,42.94243448488475
sa__concat@w5_1min,9,60,0.546207121480137,38.08275396780429
sa__concat@w5_1min,10,60,0.5690315874873657,37.1126724799494
sa__concat@w5_1min,11,60,0.5656496123005418,37.25800663416185
sa__concat@w5_1min,12,60,0.5557626153470702,37.67966741543169
sa__concat@w5_1min,13,60,0.5264723259854618,38.902023472509235
sa__concat@w5_1min,14,60,0.5675094601803623,37.178153405409276
sa__concat@w60,0,60,0.5691081913442289,37.10937397811897
sa__concat@w60,1,60,0.5499170336935516,37.92676471830508
sa__concat@w60,2,60,0.5122817017831398,39.48062633237949
sa__concat@w60,3,60,0.5291936422705011,38.79007938463551
sa__concat@w60,4,60,0.5741217610153404,36.89285234859526
sa__concat@w60,5,60,0.5182323107313305,39.23903730846538
sa__concat@w60,6,60,0.556384989305678,37.65326366829
sa__concat@w60,7,60,0.5275491925540322,38.857764039382666
sa__concat@w60,8,60,0.42552380954199764,42.84849039876276
sa__concat@w60,9,60,0.5122206051612523,39.48309913006854
sa__concat@w60,10,60,0.5791749004627209,36.67332830593924
sa__concat@w60,11,60,0.5358276340305385,38.51582011961398
sa__concat@w60,12,60,0.5691050544208354,37.109509057330435
sa__concat@w60,13,60,0.5553291386073318,37.698046414461004
sa__concat@w60,14,60,0.5710899749689078,37.02393779231148
cnn_gru__concat@w10_1min,0,120,0.4488270231281045,41.62972292944005
cnn_gru__concat@w10_1min,1,120,0.46425603132803683,41.042915864300966
cnn_gru__concat@w10_1min,2,120,0.44981240992168614,41.592493482582654
cnn_gru__concat@w10_1min,3,120,0.42367392885679145,42.56902420768794
cnn_gru__concat@w10_1min,4,120,0.44765601484146644,41.67392219849075
cnn_gru__concat@w10_1min,5,120,0.43966857315467955,41.974163764654975
cnn_gru__concat@w10_1min,6,120,0.4555531451320445,41.374933498684314
cnn_gru__concat@w10_1min,7,120,0.45398027904059457,41.434654935510736
cnn_gru__concat@w10_1min,8,120,0.43111500575942463,42.29332223008986
cnn_gru__concat@w10_1min,9,120,0.41967902664412615,42.71630663693591
cnn_gru__concat@w10_1min,10,120,0.5041088933658467,39.48687108867546
cnn_gru__concat@w10_1min,11,120,0.4912716119647209,39.99470966731305
cnn_gru__concat@w10_1min,12,120,0.4066676001613765,43.19252509362025
cnn_gru__concat@w10_1min,13,120,0.4630328353892099,41.08974318086793
cnn_gru__concat@w10_1min,14,120,0.5128092187198552,39.13894302306479
cnn_gru__concat@w10_5min,0,120,0.3995485530166911,43.45087333809218
cnn_gru__concat@w10_5min,1,120,0.4650503759848451,41.01247752381105
cnn_gru__concat@w10_5min,2,120,0.4814981821617468,40.37706098033419
cnn_gru__concat@w10_5min,3,120,0.4369677082090464,42.075202418081425
cnn_gru__concat@w10_5min,4,120,0.46108020198064537,41.164384986415406
cnn_gru__concat@w10_5min,5,120,0.4637485506658777,41.0623501064517
cnn_gru__concat@w10_5min,6,120,0.5226933399537504,38.73988339873457
cnn_gru__concat@w10_5min,7,120,0.4699918080355123,40.82261801271941
cnn_gru__concat@w10_5min,8,120,0.434149638860053,42.18036764884401
cnn_gru__concat@w10_5min,9,120,0.4326035744034107,42.2379527339693
cnn_gru__concat@w10_5min,10,120,0.4916783582670402,39.97871787915764
cnn_gru__concat@w10_5min,11,120,0.4812684454237458,40.38600508301608
cnn_gru__concat@w10_5min,12,120,0.4985058986399771,39.70932243043909
cnn_gru__concat@w10_5min,13,120,0.4229692837938649,42.595039766566316
cnn_gru__concat@w10_5min,14,120,0.5319424790956472,38.362700927078386
cnn_gru__concat@w5_1min,0,120,0.4519925355026264,41.510006285371986
cnn_gru__concat@w5_1min,1,120,0.499162181114412,39.68333103397676
cnn_gru__concat@w5_1min,2,120,0.46841871885029174,40.88315484992082
cnn_gru__concat@w5_1min,3,120,0.43374869435049546,42.19530887112736
cnn_gru__concat@w5_1min,4,120,0.47710005746279815,40.5479459703699
cnn_gru__concat@w5_1min,5,120,0.46876121404700355,40.86998232035042
cnn_gru__concat@w5_1min,6,120,0.477670605733563,40.52581853002881
cnn_gru__concat@w5_1min,7,120,0.4934913072931768,39.90736136752694
cnn_gru__concat@w5_1min,8,120,0.3594325062662256,44.87888000564365
cnn_gru__concat@w5_1min,9,120,0.5166994373781802,38.98236759202284
cnn_gru__concat@w5_1min,10,120,0.47835438944575137,40.499283579102375
cnn_gru__concat@w5_1min,11,120,0.5068699337146158,39.37678943472677
cnn_gru__concat@w5_1min,12,120,0.5019495642932601,39.572749347625525
cnn_gru__concat@w5_1min,13,120,0.47671744982337605,40.56277779168418
cnn_gru__concat@w5_1min,14,120,0.44266952928528125,41.86161275905954
cnn_gru__concat@w60,0,120,0.3825488489956048,44.061660954626106
cnn_gru__concat@w60,1,120,0.4917748745734226,39.97492226920853
cnn_gru__concat@w60,2,120,0.45154985076313425,41.52676895556249
cnn_gru__concat@w60,3,120,0.4381183128072704,42.03218829539345
cnn_gru__concat@w60,4,120,0.47597961710994796,40.591364643997174
cnn_gru__concat@w60,5,120,0.40992629712037176,43.07375091139435
cnn_gru__concat@w60,6,120,0.4484167648338655,41.64521331349098
cnn_gru__concat@w60,7,120,0.4502992159791619,41.57408888852843
cnn_gru__concat@w60,8,120,0.36519507952546415,44.676557766605065
cnn_gru__concat@w60,9,120,0.45420836889977934,41.42599974282195
cnn_gru__concat@w60,10,120,0.47542430712443107,40.61286649996642
cnn_gru__concat@w60,11,120,0.47147759513186716,40.76535824979009
cnn_gru__concat@w60,12,120,0.4508716554975867,41.552436335797026
cnn_gru__concat@w60,13,120,0.47432135965443945,40.65553940526271
cnn_gru__concat@w60,14,120,0.5200034787632103,38.84888932527375
dl_current@w10_1min,0,120,0.43444126064196587,42.169497019362424
dl_current@w10_1min,1,120,0.4262368635886844,42.474266048285344
dl_current@w10_1min,2,120,0.4581182398271312,41.27735196048738
dl_current@w10_1min,3,120,0.41812648712975586,42.77340818969995
dl_current@w10_1min,4,120,0.46912403943790915,40.856023249129414
dl_current@w10_1min,5,120,0.4247794377311238,42.52817665115975
dl_current@w10_1min,6,120,0.46155101028237855,41.14640014999931
dl_current@w10_1min,7,120,0.44143084803482213,41.908106193629095
dl_current@w10_1min,8,120,0.3441007315985388,45.41278488618285
dl_current@w10_1min,9,120,0.4706119330367847,40.79872919776845
dl_current@w10_1min,10,120,0.47272694721322694,40.71714797684023
dl_current@w10_1min,11,120,0.45795819010558125,41.28344733168078
dl_current@w10_1min,12,120,0.41556381495558836,42.867495474611694
dl_current@w10_1min,13,120,0.47084965121218836,40.78956797079117
dl_current@w10_1min,14,120,0.4729595954570125,40.70816418934608
dl_current@w10_5min,0,120,0.4586842290801654,41.255789469383025
dl_current@w10_5min,1,120,0.4932847148575439,39.915499153300914
dl_current@w10_5min,2,120,0.4807813376241671,40.404962597556185
dl_current@w10_5min,3,120,0.41615569633710636,42.845783181403384
dl_current@w10_5min,4,120,0.48046289225672323,40.41735121322707
dl_current@w10_5min,5,120,0.42625097781507004,42.473743624435365
dl_current@w10_5min,6,120,0.48208388163386895,40.354249579594146
dl_current@w10_5min,7,120,0.44086381587173884,41.929372330739994
dl_current@w10_5min,8,120,0.45375215368623,41.44330966710611
dl_current@w10_5min,9,120,0.4067368001983218,43.19000625975301
dl_current@w10_5min,10,120,0.49534344857320034,39.83433027613517
dl_current@w10_5min,11,120,0.459769143932262,41.21442593413539
dl_current@w10_5min,12,120,0.4118970387289055,43.00176140531449
dl_current@w10_5min,13,120,0.4782848484585317,40.50198298483709
dl_current@w10_5min,14,120,0.4885890388519748,40.10001897487667
dl_current@w5_1min,0,120,0.4455219807473263,41.754350190727926
dl_current@w5_1min,1,120,0.4565482305084959,41.3371057286771
dl_current@w5_1min,2,120,0.4551974305730767,41.38844745594849
dl_current@w5_1min,3,120,0.3412296167880956,45.51207066887914
dl_current@w5_1min,4,120,0.39367631902665334,43.66282460990243
dl_current@w5_1min,5,120,0.44234904135581765,41.87364710326655
dl_current@w5_1min,6,120,0.46445149528256313,41.03542801284712
dl_current@w5_1min,7,120,0.43414598623387834,42.18050378807522
dl_current@w5_1min,8,120,0.29792758571022937,46.9840572098639
dl_current@w5_1min,9,120,0.3994838690717457,43.45321365904934
dl_current@w5_1min,10,120,0.4740622518975355,40.66555775778467
dl_current@w5_1min,11,120,0.48324386141432785,40.30903342245834
dl_current@w5_1min,12,120,0.4019510211187969,43.363860503607945
dl_current@w5_1min,13,120,0.47905937363605644,40.471907706378296
dl_current@w5_1min,14,120,0.48686441182126405,40.16757655100026
dl_current@w60,0,120,0.44078221214867286,41.93243193245442
dl_current@w60,1,120,0.4907434875965093,40.01546406419922
dl_current@w60,2,120,0.4231436637880521,42.588603121313504
dl_current@w60,3,120,0.4307580054403778,42.306590607395044
dl_current@w60,4,120,0.45946799089986745,41.22591187568887
dl_current@w60,5,120,0.4460752246556805,41.733514283626306
dl_current@w60,6,120,0.47771239635401264,40.52419729925376
dl_current@w60,7,120,0.4694409059713025,40.84382846186701
dl_current@w60,8,120,0.4384082313233423,42.02134305674603
dl_current@w60,9,120,0.3533902532386507,45.09004673451701
dl_current@w60,10,120,0.47118710493421356,40.77655958217563
dl_current@w60,11,120,0.48877396309461796,40.0927683128118
dl_current@w60,12,120,0.4361037742314874,42.107470783489376
dl_current@w60,13,120,0.47875291404252796,40.48381038797011
dl_current@w60,14,120,0.48221601296044647,40.34910164109159
persistence_5min,0,120,-0.08382131714056573,58.37654750130196
persistence_5min,1,120,-0.08382131714056573,58.376547501301964
persistence_5min,2,120,-0.08382131714056573,58.376547501301964
persistence_5min,3,120,-0.08382131714056573,58.376547501301964
persistence_5min,4,120,-0.08382131714056573,58.37654750130196
persistence_5min,5,120,-0.08382131714056573,58.376547501301964
persistence_5min,6,120,-0.08382131714056573,58.37654750130196
persistence_5min,7,120,-0.08382131714056573,58.376547501301964
persistence_5min,8,120,-0.08382131714056573,58.376547501301964
persistence_5min,9,120,-0.08382131714056573,58.37654750130196
persistence_5min,10,120,-0.08382131714056573,58.37654750130196
persistence_5min,11,120,-0.08382131714056573,58.37654750130196
persistence_5min,12,120,-0.08382131714056573,58.376547501301964
persistence_5min,13,120,-0.08382131714056573,58.37654750130196
persistence_5min,14,120,-0.08382131714056573,58.376547501301964
rf_highres@w10_1min,0,120,0.463343375496707,41.07785990430157
rf_highres@w10_1min,1,120,0.4522624488236998,41.499782443247796
rf_highres@w10_1min,2,120,0.35751199227759434,44.94610634123052
rf_highres@w10_1min,3,120,0.36995028735309543,44.50891125300018
rf_highres@w10_1min,4,120,0.4673275129917128,40.925094877532516
rf_highres@w10_1min,5,120,0.4005120184136982,43.415999394657746
rf_highres@w10_1min,6,120,0.4488349803643463,41.62942242601415
rf_highres@w10_1min,7,120,0.45619778006136535,41.35043190893103
rf_highres@w10_1min,8,120,0.4084608818683396,43.12720337885334
rf_highres@w10_1min,9,120,0.46793277253146304,40.90183729887929
rf_highres@w10_1min,10,120,0.45522090234141444,41.38755587561401
rf_highres@w10_1min,11,120,0.475724652327175,40.60123841058001
rf_highres@w10_1min,12,120,0.4589293890915561,41.24644611029543
rf_highres@w10_1min,13,120,0.44685313423149486,41.70419955719743
rf_highres@w10_1min,14,120,0.41657688709334484,42.83032571820286
rf_highres@w60,0,120,0.4013318477734984,43.3863024787487
rf_highres@w60,1,120,0.3910621416638892,43.756849966304074
rf_highres@w60,2,120,0.3061969820800291,46.70653551011286
rf_highres@w60,3,120,0.30939044397386817,46.59892025889922
rf_highres@w60,4,120,0.39861778487948296,43.484537198910665
rf_highres@w60,5,120,0.361093766265289,44.820647352507095
rf_highres@w60,6,120,0.4048939156871212,43.2570359335288
rf_highres@w60,7,120,0.40441883727611383,43.27429872470684
rf_highres@w60,8,120,0.35999267612372143,44.85925264818898
rf_highres@w60,9,120,0.4076061388126221,43.15835040693922
rf_highres@w60,10,120,0.3897101160199429,43.805399732406194
rf_highres@w60,11,120,0.4241924799307132,42.54986909576972
rf_highres@w60,12,120,0.4079529300464225,43.145715967553286
rf_highres@w60,13,120,0.4128185810485764,42.968056865689235
rf_highres@w60,14,120,0.38601529609505436,43.937803065525074
sa__concat@w10_1min,0,120,0.4606161247182786,41.18210501109832
sa__concat@w10_1min,1,120,0.4865474291048123,40.17998112993287
sa__concat@w10_1min,2,120,0.45878452598331687,41.25196728293589
sa__concat@w10_1min,3,120,0.37758761102265603,44.23832515336529
sa__concat@w10_1min,4,120,0.495088764473676,39.8443805676102
sa__concat@w10_1min,5,120,0.5163587440759633,38.996105101187645
sa__concat@w10_1min,6,120,0.49558717478933245,39.82471002741563
sa__concat@w10_1min,7,120,0.4875481691442014,40.14080581960191
sa__concat@w10_1min,8,120,0.415787574011958,42.85928849764618
sa__concat@w10_1min,9,120,0.47347224961537304,40.68836088125995
sa__concat@w10_1min,10,120,0.5062624879888773,39.40103445908074
sa__concat@w10_1min,11,120,0.49859205949207763,39.705911088195926
sa__concat@w10_1min,12,120,0.46922603553082365,40.85209826925752
sa__concat@w10_1min,13,120,0.47184797852461136,40.75107176187727
sa__concat@w10_1min,14,120,0.48935021838731707,40.07016560620865
sa__concat@w10_5min,0,120,0.4825623929633982,40.33560328997802
sa__concat@w10_5min,1,120,0.5056287368602275,39.42631352103466
sa__concat@w10_5min,2,120,0.47750359801052467,40.53229680200982
sa__concat@w10_5min,3,120,0.45470496597202126,41.40714940636517
sa__concat@w10_5min,4,120,0.4984775351455679,39.7104453541354
sa__concat@w10_5min,5,120,0.4222502804592101,42.621569065972565
sa__concat@w10_5min,6,120,0.47405170365768523,40.665965551204785
sa__concat@w10_5min,7,120,0.4437787606991894,41.81993430669816
sa__concat@w10_5min,8,120,0.366597586886825,44.62717736133062
sa__concat@w10_5min,9,120,0.476972751212833,40.55288161137454
sa__concat@w10_5min,10,120,0.5270702092739934,38.56185329158606
sa__concat@w10_5min,11,120,0.5265453781235185,38.58324425749482
sa__concat@w10_5min,12,120,0.4918773388927844,39.97089235267286
sa__concat@w10_5min,13,120,0.49084264542027223,40.01156814985997
sa__concat@w10_5min,14,120,0.5057943854058724,39.419707697486395
sa__concat@w5_1min,0,120,0.45462410189610936,41.41021951203084
sa__concat@w5_1min,1,120,0.5176478475964637,38.944100068472906
sa__concat@w5_1min,2,120,0.47301972175436624,40.70584207041945
sa__concat@w5_1min,3,120,0.4768394753910107,40.55804804809264
sa__concat@w5_1min,4,120,0.49577457426793237,39.817311501024264
sa__concat@w5_1min,5,120,0.4467999712551235,41.70620360552848
sa__concat@w5_1min,6,120,0.48451061293704367,40.25959727983801
sa__concat@w5_1min,7,120,0.41383198560026613,42.93096200269852
sa__concat@w5_1min,8,120,0.3399831839341191,45.55510609811759
sa__concat@w5_1min,9,120,0.46893733872737675,40.86320682740957
sa__concat@w5_1min,10,120,0.5043196778288703,39.478478012588205
sa__concat@w5_1min,11,120,0.44560557998497896,41.751202398295305
sa__concat@w5_1min,12,120,0.5114540195172737,39.19334084017214
sa__concat@w5_1min,13,120,0.4865680548365494,40.17917409352687
sa__concat@w5_1min,14,120,0.48625183912317615,40.191545090956595
sa__concat@w60,0,120,0.46832363106312247,40.88681121916741
sa__concat@w60,1,120,0.4935627887856221,39.90454528712837
sa__concat@w60,2,120,0.4533471023562109,41.458672251209016
sa__concat@w60,3,120,0.46805951845563076,40.896965311213414
sa__concat@w60,4,120,0.5230160088954879,38.72678671317591
sa__concat@w60,5,120,0.4404323988642721,41.94554509590791
sa__concat@w60,6,120,0.47016369965112303,40.8159977048601
sa__concat@w60,7,120,0.4551759666147045,41.38926275236362
sa__concat@w60,8,120,0.3734996560798921,44.383364287891126
sa__concat@w60,9,120,0.44758490693370323,41.676604630206725
sa__concat@w60,10,120,0.5329132568163697,38.32289707383617
sa__concat@w60,11,120,0.44764786017855174,41.67422982882863
sa__concat@w60,12,120,0.45503742402360237,41.39452482861807
sa__concat@w60,13,120,0.47100893119523346,40.783428457988016
sa__concat@w60,14,120,0.45009471306179094,41.58182148789505
