horizon,increment,kind,metric,arm,config,estimate,lo,hi,perm_p,seed_pos_frac,holm_p,verdict
30,CGM adds beyond context,level,within_10,global,cgm_static,32.667031763417306,28.514152227602434,36.68422367411815,,,,
30,CGM adds beyond context,level,within_10,global,static_all,21.919496166484116,19.17480556919519,24.68334518633482,,,,
30,CGM adds beyond context,increment,within_10,global,,10.74753559693319,7.082275559572388,14.34742838541667,,,,
30,CGM adds beyond context,level,within_10,subject_z,cgm_static,24.23329682365827,20.45701635431802,27.991081293339892,,,,
30,CGM adds beyond context,level,within_10,subject_z,static_all,21.919496166484116,19.17480556919519,24.68334518633482,,,,
30,CGM adds beyond context,increment,within_10,subject_z,,2.3138006571741556,0.2734605065113533,4.353579470304867,,,,
30,CGM adds beyond context,interaction,within_10,global vs subject_z,,8.433734939759034,4.728095365030138,12.346851577664742,9.999000099990002e-05,1.0,,
30,CGM adds beyond context,level,within_20,global,cgm_static,60.21358159912376,54.62673373208399,65.44752761284555,,,,
30,CGM adds beyond context,level,within_20,global,static_all,42.634173055859804,37.772104378151695,47.36279455127982,,,,
30,CGM adds beyond context,increment,within_20,global,,17.57940854326396,12.756513239511401,22.317392537716056,,,,
30,CGM adds beyond context,level,within_20,subject_z,cgm_static,46.87842278203724,40.87968844624661,52.643560132516555,,,,
30,CGM adds beyond context,level,within_20,subject_z,static_all,42.634173055859804,37.772104378151695,47.36279455127982,,,,
30,CGM adds beyond context,increment,within_20,subject_z,,4.244249726177436,1.6521092430122304,6.786130015154039,,,,
30,CGM adds beyond context,interaction,within_20,global vs subject_z,,13.335158817086523,8.865118149944763,18.18764065223293,9.999000099990002e-05,1.0,,
30,CGM adds beyond context,level,within_30,global,cgm_static,78.27217962760132,73.18328031073821,82.93266927440887,,,,
30,CGM adds beyond context,level,within_30,global,static_all,60.295728368017535,54.59300675594595,65.61209057448235,,,,
30,CGM adds beyond context,increment,within_30,global,,17.976451259583783,13.976944180495048,22.24180348170359,,,,
30,CGM adds beyond context,level,within_30,subject_z,cgm_static,66.14184008762322,59.58688913202042,72.39899210613476,,,,
30,CGM adds beyond context,level,within_30,subject_z,static_all,60.295728368017535,54.59300675594595,65.61209057448235,,,,
30,CGM adds beyond context,increment,within_30,subject_z,,5.8461117196056875,3.510254819037119,8.233156982718114,,,,
30,CGM adds beyond context,interaction,within_30,global vs subject_z,,12.130339539978095,7.8140068112431225,16.97904359939788,9.999000099990002e-05,1.0,,
30,CGM adds beyond context,level,clarke_A,global,cgm_static,76.61555312157722,71.35191495620032,81.01990245943858,,,,
30,CGM adds beyond context,level,clarke_A,global,static_all,57.89978094194962,52.66438747630199,62.96296296296296,,,,
30,CGM adds beyond context,increment,clarke_A,global,,18.7157721796276,14.33345182790568,23.04064078339795,,,,
30,CGM adds beyond context,level,clarke_A,subject_z,cgm_static,62.96549835706462,56.766386087479766,68.82704585794193,,,,
30,CGM adds beyond context,level,clarke_A,subject_z,static_all,57.89978094194962,52.66438747630199,62.96296296296296,,,,
30,CGM adds beyond context,increment,clarke_A,subject_z,,5.065717415114996,2.7176955722453138,7.359147225782215,,,,
30,CGM adds beyond context,interaction,clarke_A,global vs subject_z,,13.650054764512603,9.07943309509027,18.43144188584036,9.999000099990002e-05,1.0,,
30,CGM adds beyond context,level,clarke_AB,global,cgm_static,98.93209200438116,98.19696010212253,99.55302185064932,,,,
30,CGM adds beyond context,level,clarke_AB,global,static_all,97.91894852135816,96.77172003613732,98.90382859449225,,,,
30,CGM adds beyond context,increment,clarke_AB,global,,1.0131434830230006,0.4737296243976172,1.6509498331548107,,,,
30,CGM adds beyond context,level,clarke_AB,subject_z,cgm_static,98.45290251916758,97.69671250299011,99.149155627521,,,,
30,CGM adds beyond context,level,clarke_AB,subject_z,static_all,97.91894852135816,96.77172003613732,98.90382859449225,,,,
30,CGM adds beyond context,increment,clarke_AB,subject_z,,0.5339539978094194,0.12448010157172931,1.1517029113553878,,,,
30,CGM adds beyond context,interaction,clarke_AB,global vs subject_z,,0.4791894852135812,0.1412270500085789,0.8710972866196458,0.019698030196980302,1.0,,
60,CGM adds beyond context,level,within_10,global,cgm_static,23.863636363636363,20.348484170065028,27.1173315370606,,,,
60,CGM adds beyond context,level,within_10,global,static_all,20.016429353778754,16.690592741632294,23.081945044889654,,,,
60,CGM adds beyond context,increment,within_10,global,,3.847207009857609,1.2231614634892558,6.421058793383762,,,,
60,CGM adds beyond context,level,within_10,subject_z,cgm_static,19.523548740416214,16.43885928079242,22.46325419270362,,,,
60,CGM adds beyond context,level,within_10,subject_z,static_all,20.016429353778754,16.690592741632294,23.081945044889654,,,,
60,CGM adds beyond context,increment,within_10,subject_z,,-0.49288061336254074,-2.1751060991646134,1.2485844947735214,,,,
60,CGM adds beyond context,interaction,within_10,global vs subject_z,,4.34008762322015,2.055137500372475,6.557181631455395,0.000999900009999,1.0,0.004999500049995,CHANGES
60,CGM adds beyond context,level,within_20,global,cgm_static,44.33187294633078,38.49159920688402,49.59411082626446,,,,
60,CGM adds beyond context,level,within_20,global,static_all,37.691675794085434,32.175286978619,43.06649294369272,,,,
60,CGM adds beyond context,increment,within_20,global,,6.640197152245349,2.5132642575223056,10.73953178530644,,,,
60,CGM adds beyond context,level,within_20,subject_z,cgm_static,39.10186199342826,33.91750078215068,43.94642430155963,,,,
60,CGM adds beyond context,level,within_20,subject_z,static_all,37.691675794085434,32.175286978619,43.06649294369272,,,,
60,CGM adds beyond context,increment,within_20,subject_z,,1.4101861993428244,-1.0253243930023186,3.873866981369139,,,,
60,CGM adds beyond context,interaction,within_20,global vs subject_z,,5.230010952902525,1.9817471259337052,8.520844624171433,0.0035996400359964,1.0,0.010798920107989201,CHANGES
60,CGM adds beyond context,level,within_30,global,cgm_static,59.926067907995616,53.59369697398189,65.8261910736536,,,,
60,CGM adds beyond context,level,within_30,global,static_all,54.25794085432639,48.23934274702213,60.032304689411355,,,,
60,CGM adds beyond context,increment,within_30,global,,5.668127053669224,1.8162600834410185,9.38860682407241,,,,
60,CGM adds beyond context,level,within_30,subject_z,cgm_static,55.87349397590362,49.73721353731842,61.705169316108595,,,,
60,CGM adds beyond context,level,within_30,subject_z,static_all,54.25794085432639,48.23934274702213,60.032304689411355,,,,
60,CGM adds beyond context,increment,within_30,subject_z,,1.6155531215772285,0.3813494729226964,2.9109632767571,,,,
60,CGM adds beyond context,interaction,within_30,global vs subject_z,,4.052573932091995,0.5919073511261462,7.581820172186081,0.036696330366963306,1.0,0.07339266073392661,INCONCLUSIVE
60,CGM adds beyond context,level,clarke_A,global,cgm_static,62.910733844468794,56.505001847414036,68.5545382218428,,,,
60,CGM adds beyond context,level,clarke_A,global,static_all,55.70920043811609,49.64617981688769,60.9997204851468,,,,
60,CGM adds beyond context,increment,clarke_A,global,,7.201533406352702,3.374066561438475,10.994707148019188,,,,
60,CGM adds beyond context,level,clarke_A,subject_z,cgm_static,56.62650602409639,50.41375766871166,62.17538439587503,,,,
60,CGM adds beyond context,level,clarke_A,subject_z,static_all,55.70920043811609,49.64617981688769,60.9997204851468,,,,
60,CGM adds beyond context,increment,clarke_A,subject_z,,0.9173055859803014,-0.6921996532820611,2.5187587430337692,,,,
60,CGM adds beyond context,interaction,clarke_A,global vs subject_z,,6.284227820372401,2.8175488879654877,9.865210046784666,0.0011998800119988001,1.0,0.004999500049995,CHANGES
60,CGM adds beyond context,level,clarke_AB,global,cgm_static,98.08324205914568,96.775593546886,99.10014560341256,,,,
60,CGM adds beyond context,level,clarke_AB,global,static_all,96.87842278203725,94.92091950335212,98.47268964763585,,,,
60,CGM adds beyond context,increment,clarke_AB,global,,1.2048192771084274,0.2975551808706349,2.322508578781805,,,,
60,CGM adds beyond context,level,clarke_AB,subject_z,cgm_static,97.01533406352682,95.08365976563998,98.54401121959575,,,,
60,CGM adds beyond context,level,clarke_AB,subject_z,static_all,96.87842278203725,94.92091950335212,98.47268964763585,,,,
60,CGM adds beyond context,increment,clarke_AB,subject_z,,0.13691128148957432,-0.14881355440333763,0.5252443254132038,,,,
60,CGM adds beyond context,interaction,clarke_AB,global vs subject_z,,1.067907995618853,0.1371693833359931,2.226227855721766,0.04709529047095291,1.0,0.07339266073392661,INCONCLUSIVE
120,CGM adds beyond context,level,within_10,global,cgm_static,22.357612267250822,19.109191191332823,25.740278892213762,,,,
120,CGM adds beyond context,level,within_10,global,static_all,20.769441401971523,17.545805462284854,24.22987677425627,,,,
120,CGM adds beyond context,increment,within_10,global,,1.5881708652792987,-0.6586249675371225,3.9689118239355565,,,,
120,CGM adds beyond context,level,within_10,subject_z,cgm_static,20.646221248630887,17.113991837063647,24.590958502925066,,,,
120,CGM adds beyond context,level,within_10,subject_z,static_all,20.769441401971523,17.545805462284854,24.22987677425627,,,,
120,CGM adds beyond context,increment,within_10,subject_z,,-0.12322015334063607,-1.8182199938918848,1.5197355100699863,,,,
120,CGM adds beyond context,interaction,within_10,global vs subject_z,,1.7113910186199348,-0.3192875832699219,4.037742690237827,0.15028497150284972,1.0,,
120,CGM adds beyond context,level,within_20,global,cgm_static,44.31818181818182,38.933217742942986,49.918050464685024,,,,
120,CGM adds beyond context,level,within_20,global,static_all,41.86746987951807,36.84108606600468,47.1923245614035,,,,
120,CGM adds beyond context,increment,within_20,global,,2.4507119386637513,-0.16994158800484943,5.445884279896822,,,,
120,CGM adds beyond context,level,within_20,subject_z,cgm_static,41.45673603504928,35.85270070414102,47.22794059576128,,,,
120,CGM adds beyond context,level,within_20,subject_z,static_all,41.86746987951807,36.84108606600468,47.1923245614035,,,,
120,CGM adds beyond context,increment,within_20,subject_z,,-0.4107338444687869,-1.951348403286938,1.0975686262508833,,,,
120,CGM adds beyond context,interaction,within_20,global vs subject_z,,2.861445783132538,0.4355659749322753,5.666291820299234,0.030796920307969204,1.0,,
120,CGM adds beyond context,level,within_30,global,cgm_static,61.47316538882804,55.511508976338654,67.34705797766802,,,,
120,CGM adds beyond context,level,within_30,global,static_all,58.32420591456735,52.51799865214974,64.20397198204189,,,,
120,CGM adds beyond context,increment,within_30,global,,3.1489594742606926,0.5681503921962943,6.00024783147458,,,,
120,CGM adds beyond context,level,within_30,subject_z,cgm_static,58.11883899233297,51.964075797702556,64.32872149172738,,,,
120,CGM adds beyond context,level,within_30,subject_z,static_all,58.32420591456735,52.51799865214974,64.20397198204189,,,,
120,CGM adds beyond context,increment,within_30,subject_z,,-0.2053669222343828,-1.8226655928432327,1.3903344115653316,,,,
120,CGM adds beyond context,interaction,within_30,global vs subject_z,,3.3543263964950754,0.9920443032145249,5.844574085496623,0.012098790120987902,1.0,,
120,CGM adds beyond context,level,clarke_A,global,cgm_static,62.527382256297926,57.979809511158926,66.69916890374598,,,,
120,CGM adds beyond context,level,clarke_A,global,static_all,58.03669222343921,52.98122064392216,63.04891246613905,,,,
120,CGM adds beyond context,increment,clarke_A,global,,4.490690032858716,1.6845552964968489,7.313021520083448,,,,
120,CGM adds beyond context,level,clarke_A,subject_z,cgm_static,58.43373493975903,53.18441815425155,63.56675538374352,,,,
120,CGM adds beyond context,level,clarke_A,subject_z,static_all,58.03669222343921,52.98122064392216,63.04891246613905,,,,
120,CGM adds beyond context,increment,clarke_A,subject_z,,0.3970427163198167,-1.402384056138177,2.200911789994955,,,,
120,CGM adds beyond context,interaction,clarke_A,global vs subject_z,,4.093647316538899,1.7186949823943665,6.783792681177248,0.0012998700129987,1.0,,
120,CGM adds beyond context,level,clarke_AB,global,cgm_static,97.53559693318729,95.96066177305171,98.84194602307616,,,,
120,CGM adds beyond context,level,clarke_AB,global,static_all,97.42606790799562,95.83313679245283,98.75490056758812,,,,
120,CGM adds beyond context,increment,clarke_AB,global,,0.10952902519167651,-0.174459547985591,0.422135136629537,,,,
120,CGM adds beyond context,level,clarke_AB,subject_z,cgm_static,97.26177437020812,95.61237802727666,98.6470825426945,,,,
120,CGM adds beyond context,level,clarke_AB,subject_z,static_all,97.42606790799562,95.83313679245283,98.75490056758812,,,,
120,CGM adds beyond context,increment,clarke_AB,subject_z,,-0.16429353778750055,-0.5080053377150332,0.15353371968688304,,,,
120,CGM adds beyond context,interaction,clarke_AB,global vs subject_z,,0.27382256297917706,-0.026600733164575983,0.6250340413943489,0.146985301469853,0.875,,
