NRMSE_30,R2_30,MARD_30,NRMSE_60,R2_60,MARD_60,NRMSE_120,R2_120,MARD_120,trees,protocol,model,seed,fold
0.06993857771158218,0.7322952747344971,11.426468849182129,0.09364785999059677,0.6624016761779785,15.101061820983887,0.10469835996627808,0.5981981158256531,15.767894744873047,100,global,cgm_static,0,0
0.10602570325136185,0.3847595453262329,17.898853302001953,0.11187611520290375,0.518186092376709,19.16280746459961,0.11197784543037415,0.5403826236724854,18.287935256958008,100,global,static_all,0,0
0.09466296434402466,0.5095635652542114,15.730805397033691,0.10634936392307281,0.5646140575408936,17.354839324951172,0.10868120938539505,0.5670466423034668,17.552324295043945,100,subject_z,cgm_static,0,0
0.10602570325136185,0.3847595453262329,17.898853302001953,0.11187611520290375,0.518186092376709,19.16280746459961,0.11197784543037415,0.5403826236724854,18.287935256958008,100,subject_z,static_all,0,0
0.08505290001630783,0.6106985807418823,12.963393211364746,0.11441502720117569,0.582343578338623,15.981717109680176,0.13656432926654816,0.5287840366363525,18.557008743286133,100,global,cgm_static,0,1
0.10740604251623154,0.3791807293891907,16.43140983581543,0.13842330873012543,0.3886758089065552,19.236358642578125,0.14353084564208984,0.4794818162918091,19.836807250976562,100,global,static_all,0,1
0.10256456583738327,0.4338878393173218,15.434038162231445,0.13715001940727234,0.39987075328826904,18.652280807495117,0.1457606554031372,0.4631831645965576,19.611337661743164,100,subject_z,cgm_static,0,1
0.10740604251623154,0.3791807293891907,16.43140983581543,0.13842330873012543,0.3886758089065552,19.236358642578125,0.14353084564208984,0.4794818162918091,19.836807250976562,100,subject_z,static_all,0,1
0.0663500502705574,0.5648836493492126,14.178278923034668,0.10279744863510132,0.49960851669311523,21.904083251953125,0.10547643899917603,0.4323068857192993,21.075471878051758,100,global,cgm_static,0,2
0.09976573288440704,0.016247928142547607,23.119449615478516,0.11966615170240402,0.3219091296195984,24.328153610229492,0.10532665252685547,0.4339181184768677,19.73097038269043,100,global,static_all,0,2
0.07723388820886612,0.41042560338974,17.30160903930664,0.11834826320409775,0.33676254749298096,24.417680740356445,0.11091990768909454,0.37219947576522827,21.035215377807617,100,subject_z,cgm_static,0,2
0.09976573288440704,0.016247928142547607,23.119449615478516,0.11966615170240402,0.3219091296195984,24.328153610229492,0.10532665252685547,0.4339181184768677,19.73097038269043,100,subject_z,static_all,0,2
0.07923328876495361,0.5053603649139404,18.19289779663086,0.09929130226373672,0.4655148386955261,21.373598098754883,0.11906643956899643,0.13700014352798462,20.8259334564209,100,global,cgm_static,0,3
0.11601994931697845,-0.060569167137145996,27.619016647338867,0.11095528304576874,0.3325645923614502,24.0063533782959,0.12942107021808624,-0.019628405570983887,21.236310958862305,100,global,static_all,0,3
0.10068085789680481,0.20132988691329956,24.795541763305664,0.10069623589515686,0.4502822160720825,22.440256118774414,0.1250617653131485,0.04790329933166504,21.45591163635254,100,subject_z,cgm_static,0,3
0.11601994931697845,-0.060569167137145996,27.619016647338867,0.11095528304576874,0.3325645923614502,24.0063533782959,0.12942107021808624,-0.019628405570983887,21.236310958862305,100,subject_z,static_all,0,3
0.06604477763175964,0.5302462577819824,13.98775577545166,0.10984881967306137,0.26710379123687744,21.27450180053711,0.09887288510799408,0.2964547276496887,19.238561630249023,100,global,cgm_static,0,4
0.10741883516311646,-0.24266541004180908,26.431692123413086,0.15972262620925903,-0.5494749546051025,32.2805061340332,0.10611019283533096,0.18968874216079712,21.38237190246582,100,global,static_all,0,4
0.09316665679216385,0.06520938873291016,21.276639938354492,0.15700682997703552,-0.4972306489944458,32.42849349975586,0.11285880953073502,0.08333933353424072,22.22899055480957,100,subject_z,cgm_static,0,4
0.10741883516311646,-0.24266541004180908,26.431692123413086,0.15972262620925903,-0.5494749546051025,32.2805061340332,0.10611019283533096,0.18968874216079712,21.38237190246582,100,subject_z,static_all,0,4
0.06899484246969223,0.7394711971282959,11.190933227539062,0.09351613372564316,0.6633507013320923,15.072298049926758,0.10478175431489944,0.5975578427314758,15.739572525024414,300,global,cgm_static,0,0
0.10533277690410614,0.3927750587463379,17.429115295410156,0.11070562154054642,0.528215229511261,19.191007614135742,0.11130677908658981,0.5458749532699585,18.099939346313477,300,global,static_all,0,0
0.09419205039739609,0.5144308805465698,15.53699779510498,0.10573562979698181,0.5696247816085815,17.485172271728516,0.11039844900369644,0.553256630897522,17.514183044433594,300,subject_z,cgm_static,0,0
0.10533277690410614,0.3927750587463379,17.429115295410156,0.11070562154054642,0.528215229511261,19.191007614135742,0.11130677908658981,0.5458749532699585,18.099939346313477,300,subject_z,static_all,0,0
0.08495603501796722,0.6115848422050476,12.88951301574707,0.11438000947237015,0.5825992226600647,15.933052062988281,0.1372908353805542,0.5237569808959961,18.562881469726562,300,global,cgm_static,0,1
0.10715670883655548,0.38205981254577637,16.622777938842773,0.1370566040277481,0.4006880521774292,18.892297744750977,0.14444489777088165,0.47283095121383667,19.7056941986084,300,global,static_all,0,1
0.1022285744547844,0.4375908374786377,15.437637329101562,0.13526003062725067,0.41629689931869507,18.406694412231445,0.14793333411216736,0.44706058502197266,19.841699600219727,300,subject_z,cgm_static,0,1
0.10715670883655548,0.38205981254577637,16.622777938842773,0.1370566040277481,0.4006880521774292,18.892297744750977,0.14444489777088165,0.47283095121383667,19.7056941986084,300,subject_z,static_all,0,1
0.0671570748090744,0.554234504699707,14.384424209594727,0.10349900275468826,0.4927552342414856,22.020503997802734,0.10386119037866592,0.44956082105636597,20.74351692199707,300,global,cgm_static,0,2
0.10049182921648026,0.0018762946128845215,23.398080825805664,0.11911047995090485,0.3281920552253723,24.208555221557617,0.10418815165758133,0.4460897445678711,19.717487335205078,300,global,static_all,0,2
0.07793546468019485,0.3996657729148865,17.825231552124023,0.11697400361299515,0.3520762324333191,24.20935821533203,0.11168180406093597,0.36354517936706543,21.146556854248047,300,subject_z,cgm_static,0,2
0.10049182921648026,0.0018762946128845215,23.398080825805664,0.11911047995090485,0.3281920552253723,24.208555221557617,0.10418815165758133,0.4460897445678711,19.717487335205078,300,subject_z,static_all,0,2
0.07857406139373779,0.513556957244873,18.114822387695312,0.09965144097805023,0.4616304636001587,21.550813674926758,0.11997643113136292,0.12375855445861816,20.762102127075195,300,global,cgm_static,0,3
0.1166926696896553,-0.07290387153625488,27.942169189453125,0.10993779450654984,0.3447495102882385,23.795652389526367,0.13288483023643494,-0.07493627071380615,21.484474182128906,300,global,static_all,0,3
0.1010337695479393,0.19572091102600098,24.806413650512695,0.10181796550750732,0.43796664476394653,22.603940963745117,0.12745001912117004,0.011192619800567627,21.594078063964844,300,subject_z,cgm_static,0,3
0.1166926696896553,-0.07290387153625488,27.942169189453125,0.10993779450654984,0.3447495102882385,23.795652389526367,0.13288483023643494,-0.07493627071380615,21.484474182128906,300,subject_z,static_all,0,3
0.06568732112646103,0.5353174209594727,13.811034202575684,0.11005104333162308,0.26440298557281494,21.168657302856445,0.0973837673664093,0.3174872398376465,18.657428741455078,300,global,cgm_static,0,4
0.10755335539579391,-0.2457796335220337,26.339733123779297,0.15485148131847382,-0.45640575885772705,31.354612350463867,0.10574746876955032,0.19521909952163696,21.23598289489746,300,global,static_all,0,4
0.09367518872022629,0.054976820945739746,21.526065826416016,0.15405680239200592,-0.4414961338043213,31.880361557006836,0.11295473575592041,0.08178049325942993,22.203943252563477,300,subject_z,cgm_static,0,4
0.10755335539579391,-0.2457796335220337,26.339733123779297,0.15485148131847382,-0.45640575885772705,31.354612350463867,0.10574746876955032,0.19521909952163696,21.23598289489746,300,subject_z,static_all,0,4
0.06899909675121307,0.7394390106201172,11.141655921936035,0.09269657731056213,0.6692255735397339,14.899577140808105,0.10472827404737473,0.597968578338623,15.90749454498291,500,global,cgm_static,0,0
0.10522355884313583,0.3940337300300598,17.437210083007812,0.11048118025064468,0.5301262140274048,19.07270622253418,0.11087599396705627,0.5493834018707275,18.162734985351562,500,global,static_all,0,0
0.09376031160354614,0.5188720226287842,15.452577590942383,0.10563410073518753,0.5704507827758789,17.51934814453125,0.11062715947628021,0.5514037609100342,17.559886932373047,500,subject_z,cgm_static,0,0
0.10522355884313583,0.3940337300300598,17.437210083007812,0.11048118025064468,0.5301262140274048,19.07270622253418,0.11087599396705627,0.5493834018707275,18.162734985351562,500,subject_z,static_all,0,0
0.08428085595369339,0.6177340745925903,12.787672996520996,0.1142914667725563,0.5832450985908508,15.880859375,0.137360617518425,0.5232728123664856,18.527175903320312,500,global,cgm_static,0,1
0.10737119615077972,0.37958359718322754,16.675020217895508,0.13743437826633453,0.39737963676452637,18.958152770996094,0.14396633207798004,0.476318359375,19.67701530456543,500,global,static_all,0,1
0.10229973495006561,0.43680763244628906,15.480324745178223,0.13540947437286377,0.4150063991546631,18.381439208984375,0.1475542038679123,0.44989120960235596,19.82848358154297,500,subject_z,cgm_static,0,1
0.10737119615077972,0.37958359718322754,16.675020217895508,0.13743437826633453,0.39737963676452637,18.958152770996094,0.14396633207798004,0.476318359375,19.67701530456543,500,subject_z,static_all,0,1
0.0672324001789093,0.5532339811325073,14.391657829284668,0.10364272445440292,0.4913455843925476,22.02594566345215,0.10353227704763412,0.453041672706604,20.65974235534668,500,global,cgm_static,0,2
0.10107985883951187,-0.00983893871307373,23.72979736328125,0.11906062066555023,0.32875436544418335,24.270931243896484,0.10404700040817261,0.4475896954536438,19.68077850341797,500,global,static_all,0,2
0.078922338783741,0.3843657374382019,18.118915557861328,0.11627522110939026,0.3597941994667053,23.936277389526367,0.11129927635192871,0.3678976893424988,21.09540367126465,500,subject_z,cgm_static,0,2
0.10107985883951187,-0.00983893871307373,23.72979736328125,0.11906062066555023,0.32875436544418335,24.270931243896484,0.10404700040817261,0.4475896954536438,19.68077850341797,500,subject_z,static_all,0,2
0.07863540947437286,0.5127970576286316,18.126136779785156,0.09975641965866089,0.46049559116363525,21.53715705871582,0.12132637947797775,0.10392916202545166,20.848997116088867,500,global,cgm_static,0,3
0.11654633283615112,-0.07021462917327881,27.799949645996094,0.10971066355705261,0.3474541902542114,23.819711685180664,0.13381430506706238,-0.09002625942230225,21.629037857055664,500,global,static_all,0,3
0.10027119517326355,0.20781612396240234,24.650449752807617,0.10197586566209793,0.4362220764160156,22.689245223999023,0.1279214322566986,0.0038642287254333496,21.62070655822754,500,subject_z,cgm_static,0,3
0.11654633283615112,-0.07021462917327881,27.799949645996094,0.10971066355705261,0.3474541902542114,23.819711685180664,0.13381430506706238,-0.09002625942230225,21.629037857055664,500,subject_z,static_all,0,3
0.06592830270528793,0.5319017171859741,13.828489303588867,0.11011300981044769,0.2635742425918579,21.177282333374023,0.09694725275039673,0.3235921263694763,18.626739501953125,500,global,cgm_static,0,4
0.10793446749448776,-0.2546241283416748,26.360469818115234,0.1555047631263733,-0.46872031688690186,31.47146987915039,0.10539960861206055,0.20050501823425293,21.272197723388672,500,global,static_all,0,4
0.09364737570285797,0.05553799867630005,21.485172271728516,0.15474405884742737,-0.45438599586486816,32.06521987915039,0.11321696639060974,0.07751208543777466,22.395740509033203,500,subject_z,cgm_static,0,4
0.10793446749448776,-0.2546241283416748,26.360469818115234,0.1555047631263733,-0.46872031688690186,31.47146987915039,0.10539960861206055,0.20050501823425293,21.272197723388672,500,subject_z,static_all,0,4
0.0687331110239029,0.7414441108703613,11.096435546875,0.09275314956903458,0.6688216924667358,15.005887985229492,0.10426142811775208,0.6015447378158569,15.885583877563477,1000,global,cgm_static,0,0
0.10517910122871399,0.3945457339286804,17.436321258544922,0.11085887998342514,0.5269080400466919,19.077198028564453,0.11077722907066345,0.5501857995986938,18.164127349853516,1000,global,static_all,0,0
0.09401067346334457,0.5162991881370544,15.472905158996582,0.10577850788831711,0.5692756772041321,17.471452713012695,0.11018699407577515,0.5549663305282593,17.514545440673828,1000,subject_z,cgm_static,0,0
0.10517910122871399,0.3945457339286804,17.436321258544922,0.11085887998342514,0.5269080400466919,19.077198028564453,0.11077722907066345,0.5501857995986938,18.164127349853516,1000,subject_z,static_all,0,0
0.08426641672849655,0.6178649663925171,12.769429206848145,0.1138792634010315,0.5862458944320679,15.82677936553955,0.13721387088298798,0.524290919303894,18.541820526123047,1000,global,cgm_static,0,1
0.1077115386724472,0.3756442070007324,16.641368865966797,0.13677869737148285,0.4031159281730652,18.851951599121094,0.14395521581172943,0.476399302482605,19.650232315063477,1000,global,static_all,0,1
0.10247617214918137,0.43486320972442627,15.489748001098633,0.13488365709781647,0.4195408821105957,18.241558074951172,0.14760930836200714,0.44948017597198486,19.76957130432129,1000,subject_z,cgm_static,0,1
0.1077115386724472,0.3756442070007324,16.641368865966797,0.13677869737148285,0.4031159281730652,18.851951599121094,0.14395521581172943,0.476399302482605,19.650232315063477,1000,subject_z,static_all,0,1
0.06718714535236359,0.5538352727890015,14.330201148986816,0.10349991917610168,0.49274617433547974,21.92306137084961,0.10327762365341187,0.4557289481163025,20.597047805786133,1000,global,cgm_static,0,2
0.10120712220668793,-0.012383341789245605,23.715696334838867,0.11976063251495361,0.32083797454833984,24.337308883666992,0.1044166088104248,0.4436579942703247,19.727222442626953,1000,global,static_all,0,2
0.07917766273021698,0.38037610054016113,18.23634147644043,0.11633782088756561,0.3591046929359436,23.92994499206543,0.11124682426452637,0.3684932589530945,21.114511489868164,1000,subject_z,cgm_static,0,2
0.10120712220668793,-0.012383341789245605,23.715696334838867,0.11976063251495361,0.32083797454833984,24.337308883666992,0.1044166088104248,0.4436579942703247,19.727222442626953,1000,subject_z,static_all,0,2
0.07883117347955704,0.5103682279586792,18.15434455871582,0.0999288484454155,0.45862895250320435,21.713865280151367,0.12182164192199707,0.09659850597381592,21.002296447753906,1000,global,cgm_static,0,3
0.1171579584479332,-0.08147680759429932,27.961978912353516,0.10905707627534866,0.35520607233047485,23.75954246520996,0.1332077980041504,-0.08016765117645264,21.595964431762695,1000,global,static_all,0,3
0.10014037787914276,0.20988184213638306,24.67605972290039,0.10188295692205429,0.4372488856315613,22.699892044067383,0.12769699096679688,0.007356524467468262,21.59373664855957,1000,subject_z,cgm_static,0,3
0.1171579584479332,-0.08147680759429932,27.961978912353516,0.10905707627534866,0.35520607233047485,23.75954246520996,0.1332077980041504,-0.08016765117645264,21.595964431762695,1000,subject_z,static_all,0,3
0.06570126116275787,0.5351201295852661,13.812342643737793,0.10939986258745193,0.27308231592178345,21.03529930114746,0.09653274714946747,0.3293638229370117,18.47608757019043,1000,global,cgm_static,0,4
0.10850927233695984,-0.26802265644073486,26.45793914794922,0.1535009741783142,-0.43111300468444824,31.031143188476562,0.1057649701833725,0.19495278596878052,21.339723587036133,1000,global,static_all,0,4
0.09372060745954514,0.054060280323028564,21.542770385742188,0.1543561965227127,-0.4471040964126587,31.960132598876953,0.11329975724220276,0.07616233825683594,22.508808135986328,1000,subject_z,cgm_static,0,4
0.10850927233695984,-0.26802265644073486,26.45793914794922,0.1535009741783142,-0.43111300468444824,31.031143188476562,0.1057649701833725,0.19495278596878052,21.339723587036133,1000,subject_z,static_all,0,4
