horizon,diag,group,model,n_participants,n_meals,R2,R2_lo,R2_hi,RMSE,RMSE_lo,RMSE_hi,MAE,MAE_lo,MAE_hi,bias,skill_vs_persistence,skill_lo,skill_hi
30,0,healthy,full,11,252,0.39943123593672164,0.1721133009450608,0.48296350876114413,24.191708514613218,17.797285513890046,30.91427083994356,18.49375568005952,14.391147726142501,23.53684333444717,0.9750103933531746,0.20391003054571566,0.13199698772383167,0.24870696937000705
30,0,healthy,cgm_static,11,252,0.4001149891682095,0.14554919136916158,0.4800163731200143,24.176941840071784,17.97504908828308,30.691168506141725,18.575238415674605,14.46533371459848,23.58001139733201,1.0294608055555554,0.20439596569484042,0.1064836267877947,0.2584006349312766
30,0,healthy,cgm_person_meal,11,252,0.3870709768330928,0.1336003132523869,0.47104205832439916,24.438893395521298,17.819375281786,31.276512430802445,18.562402828373017,14.205613606947308,23.905909134038104,1.1499616626984128,0.19577578057437495,0.09914890999256573,0.2625993713102329
30,0,healthy,cgm,11,252,0.2918750192194728,0.052934892638277255,0.360334115633287,26.266340312760562,19.65574305935813,33.756285393247204,20.067471935019842,15.741203647179804,25.741157637898038,2.386792875496032,0.1356389713181978,0.04833173321714735,0.17326932960824595
30,0,healthy,static_all,11,252,-0.12317714977168019,-1.056306957936301,0.09730015380034876,33.04308135622162,27.26399713149601,39.158237579170944,25.63181471875,21.962973390874623,29.427141493541914,2.345494265376985,-0.08736700475950143,-0.393827801100814,0.049840779879557255
30,0,healthy,persistence_5min,11,252,0.05248204726187122,-0.23467436401738354,0.20120148512127667,30.388158930323556,21.185122903896854,40.107848049398854,22.546666666666667,16.326001267488905,30.51960002178333,-16.528571428571432,0.0,0.0,0.0
30,1,prediabetes,full,16,343,0.43687355516170556,0.1996530264410254,0.5855782488629255,24.842372602391844,20.802675249480753,29.682398327057136,19.08567707835277,16.31585053317224,23.007895721629012,0.7179366905976681,0.18637615991518341,0.03289350343926055,0.2834535657689838
30,1,prediabetes,cgm_static,16,343,0.4669016952523091,0.2155360696199464,0.6156464970029024,24.170140671674798,20.07340718370757,29.046125512180748,18.496737903790088,15.545564536269673,22.72266821077405,0.09732567711370299,0.20839273351914633,0.04370451043115473,0.30668650808186204
30,1,prediabetes,cgm_person_meal,16,343,0.5055353999304444,0.2769205629946816,0.6390378070894563,23.279526292311807,19.589678662159823,27.671455063131184,17.8858683483965,15.106915483389473,21.86681085376612,-0.17029346574344006,0.237561649989802,0.08547758146030005,0.3258257984994269
30,1,prediabetes,cgm,16,343,0.4349127960578217,0.20974018744331194,0.5685660006227706,24.889562600115767,21.529467638120977,29.019338171788046,19.32486886042274,16.822415813191174,22.68013452642694,1.4385865929300294,0.1848306188440365,0.06039808178311135,0.2580952101362196
30,1,prediabetes,static_all,16,343,-0.22208355756383036,-0.6959038820381604,-0.043295241175717356,36.57211637324607,30.366883927147715,42.68112833769232,28.9634437233965,23.960325621312435,34.75765468667409,2.60347863228863,-0.1977900114405471,-0.4904507131765547,0.0070581645736628815
30,1,prediabetes,persistence_5min,16,343,0.14971978790135232,-0.19567337338444327,0.4033584602286947,30.53299495231376,25.412749623114074,36.153672853432234,23.304489795918368,19.11322757569987,28.22751142744341,-18.25749271137026,0.0,0.0,0.0
30,2,t2d,full,13,318,0.638555516948895,0.5284152277563984,0.7070603652114187,32.43084348106966,27.465630236266062,36.829794249092984,24.08408148034591,20.708737316051174,27.174280099400946,-0.5204481666666664,0.20787234195891713,0.09791530735285911,0.2804111488297674
30,2,t2d,cgm_static,13,318,0.6681816484024548,0.5626518015366384,0.7316514155301401,31.06778405519306,26.425482064282026,35.12870628514734,23.327659356525157,19.927077398866853,26.47443161769723,0.020249081367924804,0.24116524941661865,0.12718370030531495,0.3199499243387662
30,2,t2d,cgm_person_meal,13,318,0.6424212415099939,0.5270028614993496,0.7122645646278725,32.25227490856216,27.469381444502897,36.392868481733224,24.507275805424527,20.931275979205346,27.77478790602632,-0.1518781874999998,0.21223390305191414,0.10749973377032242,0.2847554891423974
30,2,t2d,cgm,13,318,0.5415091809756408,0.4198976081247455,0.6213800855045355,36.52576687017404,30.301567407139103,41.99294309880269,27.378711961084907,23.46017419939719,31.107749226174313,-0.1283539768081758,0.10785329447523695,0.02096166829811644,0.16779569881866724
30,2,t2d,static_all,13,318,0.3272875048938122,0.042717556963511684,0.48869371949422197,44.21205196263983,36.52005887258283,50.894507542030105,33.23756293671383,27.4760073659654,38.60250780681946,-0.15390343356918135,-0.07988523945728221,-0.3032924518450321,0.093782166910292
30,2,t2d,persistence_5min,13,318,0.4240132935427834,0.2529184450041539,0.5577846213258375,40.941435577783686,33.02492886502969,47.45249512101564,28.992704402515724,23.386903752427493,34.15008276643991,-19.105408805031445,0.0,0.0,0.0
60,0,healthy,full,11,252,0.2662082870567509,-0.17902436555664952,0.32569362523028517,34.00458359845872,25.062505535397744,45.65876110394878,24.969711874007935,19.51125632680853,32.81762708966603,2.6218634940476186,0.1971746456024136,0.02526286292753965,0.2619755305960014
60,0,healthy,cgm_static,11,252,0.2966690836975615,-0.16994430844892275,0.3713477196004791,33.294779645286795,24.156977532289343,44.757546367574804,24.399594750496032,18.538558473520396,32.5080088176857,1.2020169786706345,0.21393263967130405,0.03036298972989029,0.283476036441863
60,0,healthy,cgm_person_meal,11,252,0.2600487572315654,-0.2113357267782941,0.33536400141650974,34.15602748239181,24.50193728604926,46.35092561312086,25.16339117857143,19.05355935836151,33.76770309290384,1.8014342837301576,0.1935991573321958,0.012486709532044943,0.26634218346498334
60,0,healthy,cgm,11,252,-0.03181054577389028,-0.7549016078716086,0.09564864379070571,40.34647686991737,31.357254990906064,52.71203991093149,31.37001351041667,25.632554875864674,39.86745863719018,13.466745716765875,0.04744680969263271,-0.21222958083269935,0.14548996434381395
60,0,healthy,static_all,11,252,-0.022264669454570507,-0.9565992195720574,0.16123698746185697,40.10893807984011,29.087954657312824,52.06162533857082,30.10379912946429,22.68657386243929,37.998283423431566,1.177705137400794,0.05305494080750961,-0.25658697789572293,0.16902751462450846
60,0,healthy,persistence_5min,11,252,-0.13686875677015653,-0.4506959002422859,-0.04028019132053758,42.35614061289163,27.90133025912697,60.31877457115543,28.743333333333336,20.05741515151515,42.146376059505265,-22.49603174603175,0.0,0.0,0.0
60,1,prediabetes,full,16,343,0.2046645971850357,-0.19255223077671846,0.3603410138248743,37.43036765083868,31.315082777511574,44.59689182868565,29.491648910349852,24.70354417046333,36.05720827668379,3.1873730269679292,0.2711648873462664,0.08035270484049385,0.3734261412080154
60,1,prediabetes,cgm_static,16,343,0.2575979686350855,-0.12464605637276038,0.41014989480214187,36.163069850384446,29.987105660322978,43.252464622694326,28.152972194970843,23.38193441004239,34.64785542310041,2.3224557029883375,0.29584140518803537,0.10609777342207492,0.3997420305958636
60,1,prediabetes,cgm_person_meal,16,343,0.28746120628905814,-0.06543960148404568,0.4272145079409252,35.43364797344674,29.54321438335131,42.2118843179032,27.698853611516036,23.162652539801844,33.82023366562959,0.9520921727405243,0.3100445324671788,0.1330524147695201,0.4080721381869285
60,1,prediabetes,cgm,16,343,0.12103099353410916,-0.2112671412491779,0.25142871357721536,39.357994297955884,31.878694128497134,47.928313967378394,30.243152873542275,24.83538224085448,37.16637820366139,3.093466679664722,0.2336306050861635,0.06340220211208233,0.3477972976240199
60,1,prediabetes,static_all,16,343,-0.16896220504032852,-0.6563470833094297,0.04467064170005461,45.35799795178434,37.409752616531264,54.267460294823024,34.34376740998542,28.19959484362185,41.96544561227732,-0.5987659493440245,0.11679997761935335,-0.07530192070213167,0.23945957742665072
60,1,prediabetes,persistence_5min,16,343,-0.4961928857738709,-1.0742807419313762,-0.1698800516629348,51.3564275389428,42.272586839243935,60.52755559004444,40.08384839650146,32.56942742098274,47.87080056672088,-33.84524781341108,0.0,0.0,0.0
60,2,t2d,full,13,318,0.518140014502866,0.3417456508460886,0.6082020857696061,44.18898002667493,39.53403680193612,47.8615690067861,35.739554762185534,31.18069345325319,39.59061077463319,-3.1025817535377365,0.38278729578876725,0.29166810930890424,0.4456492229404848
60,2,t2d,cgm_static,13,318,0.5470801717031254,0.3756039370213218,0.636973356895496,42.82277812803564,38.07908320330271,46.57976171282338,34.18406136988993,29.746021844611374,38.113263915309346,-2.173873858883648,0.40186981744572003,0.3070367936502572,0.4672820617738167
60,2,t2d,cgm_person_meal,13,318,0.4946086132592705,0.28710269771035274,0.6082348269081813,45.272728539027796,40.42675377697665,49.25560541633708,36.6589831745283,32.14295425905693,40.85527632394907,-2.8890138514150956,0.3676499617839899,0.2690095106046909,0.44367891432666046
60,2,t2d,cgm,13,318,0.29698258574760833,0.11496323093231263,0.37807107570949416,53.48685327291115,47.42659673571634,59.46993601684949,42.08096645636792,37.24934118735847,46.81706876080412,-7.398844983883649,0.25291859354086543,0.1751107946864385,0.304234055285642
60,2,t2d,static_all,13,318,0.40103916589891964,0.21321442494968695,0.50294838733286,49.07813246290173,43.62247899318966,53.35259537862072,39.04468592570754,34.161068413738896,43.54443703157292,-0.9051353431603774,0.3144977133036577,0.21438485604867646,0.38637088828803406
60,2,t2d,persistence_5min,13,318,-0.2589613539082374,-0.5527542672029316,-0.04612145543181618,71.5944110112676,60.46474465313777,81.55745667846111,55.21358490566038,46.19481687763712,63.879897584541055,-47.04,0.0,0.0,0.0
120,0,healthy,full,11,252,0.13249878063322373,-0.2355000663357608,0.2033344200867387,32.21971786457278,22.51634895162243,44.426564306210956,22.819946313988094,17.975255473586895,30.074702043416448,1.634187455853174,0.16077998501745272,0.047315488839236364,0.2062636767688417
120,0,healthy,cgm_static,11,252,0.15448430675704208,-0.24603687580523895,0.22052181594559683,31.807440194307972,22.850666431828657,43.39788929247981,22.631987151289678,18.074650185682774,29.76290654904997,1.5933072633928567,0.17151849222818882,0.04247471497893627,0.21586714952751054
120,0,healthy,cgm_person_meal,11,252,0.12652538569339544,-0.25688140185329345,0.18541783219703223,32.32967200365431,23.159284812590908,44.37936533321327,23.10630581001984,18.406897819512935,30.81324071864126,1.4427146155753963,0.15791603336414362,0.03583668859701217,0.20033551530456145
120,0,healthy,cgm,11,252,-0.5942647529052012,-2.1339602349488347,-0.32434611072400676,43.67929264241381,34.059304805782375,56.2068210275699,33.90299609375,27.80716665589867,42.161357589733214,20.403486080853174,-0.13770507798577958,-0.534416837785721,-0.0016334271901852152
120,0,healthy,static_all,11,252,-0.014586748017499651,-0.751041176394496,0.1496540219046544,34.83664465643495,24.882504126504063,46.003185226080355,25.672119085813492,19.79650965863201,32.46032586438641,1.4155881661706347,0.09261745948864886,-0.147362432745753,0.1838190293928134
120,0,healthy,persistence_5min,11,252,-0.23132787828453738,-0.5231460830378061,-0.129037353222566,38.39245643497055,24.62687783158657,54.52236068026424,25.900952380952376,18.365428686868682,37.388427820844086,-14.942857142857145,0.0,0.0,0.0
120,1,prediabetes,full,16,343,0.16812748395877972,-0.3245789905329,0.3378575006394533,36.549736790703776,30.721556063954104,42.634798177016535,27.978594760568512,24.007899583895128,32.49151402488987,3.33126613228863,0.25724947315500224,0.15620026170357182,0.32834969994837987
120,1,prediabetes,cgm_static,16,343,0.289906441003651,-0.11959997815359032,0.446633016559622,33.76531633799278,28.356790180291874,39.437523103819395,25.45863084620991,21.952724000203954,29.465662227611144,0.9409092368804667,0.31383345815199126,0.2238138736647431,0.38077441978292953
120,1,prediabetes,cgm_person_meal,16,343,0.26129737810917986,-0.14028861680898033,0.42676858023853315,34.43898251017119,29.04075431066926,40.32227050568882,26.0750551851312,22.666875173127497,30.148877482287663,0.7711010561224493,0.3001434579430038,0.21428395842490996,0.36751418263410146
120,1,prediabetes,cgm,16,343,0.030998328861344432,-0.4633904677946909,0.18730583813229995,39.45694814308932,34.01166526867528,45.75415058441122,29.446198650874635,26.313810139929174,33.166899732849295,4.710475061953353,0.19817017592232455,0.12538679533281874,0.2524266886040489
120,1,prediabetes,static_all,16,343,0.16408364292329847,-0.42241573473569355,0.4170201717112689,36.632655712082574,30.878045900001503,42.66611061193287,27.208851535714288,23.10326867875951,32.119766124642396,0.897424871720117,0.25556442483598985,0.1218644655359036,0.3605219952776442
120,1,prediabetes,persistence_5min,16,343,-0.5069718046598253,-0.9912010198425334,-0.3392735303881299,49.208631255984585,40.480657390684286,58.77702753993705,37.15545189504373,30.945053389104807,45.23727130149813,-29.829504373177844,0.0,0.0,0.0
120,2,t2d,full,13,318,0.22721998542516392,-0.1019070361813914,0.416509971201826,55.722112136317094,48.55696977671738,62.430311061521216,44.65703072327044,40.13911215979818,49.35566906590045,1.8028682625786152,0.28088062553048,0.15372990206618614,0.3784929960322068
120,2,t2d,cgm_static,13,318,0.28999121759332214,-0.023714873480917685,0.4622205711524312,53.39860202173082,46.026429303962956,60.29310219279595,41.99996353773585,37.72364674008685,46.763714896791505,1.0750461635220114,0.31086658758603325,0.18607670814787075,0.40228551939953056
120,2,t2d,cgm_person_meal,13,318,0.2565137480193411,-0.05547620500030019,0.4313050587188328,54.62680094663625,46.975191431408795,61.65114061534698,42.89709391116352,37.93708183025631,48.038533985998235,-0.032209139150944255,0.2950161180194554,0.17181641578625478,0.38355195725075125
120,2,t2d,cgm,13,318,0.056407545050750366,-0.15535141412874454,0.1718810369578816,61.58470571514668,52.59089041371953,69.233149409591,47.61232821147799,40.87919897501683,53.956289202065356,-12.83668039544025,0.20522117068312462,0.13967612269132526,0.251736961744891
120,2,t2d,static_all,13,318,0.205288651922962,-0.18575262431242356,0.41847690130575965,56.48180148923986,47.98013378671774,64.75429560438961,44.10018281643082,39.11532448458678,49.19897803174878,1.369420528694968,0.2710764865393287,0.12379924854496019,0.37917545351568666
120,2,t2d,persistence_5min,13,318,-0.4933851921562502,-0.8369253866097442,-0.2750085542623164,77.4865955703421,63.529326806419455,89.51099197330272,60.2474213836478,48.69707931034483,70.81604277643258,-45.787798742138364,0.0,0.0,0.0
