model,horizon,NRMSE,NRMSE_sd,RMSE,RMSE_sd,R2,R2_sd,MAE,MARD
dl_current_binned,60,0.10936811581988737,0.0038675002989725935,39.08816392649774,1.3822445832474564,0.521406871366432,0.03371558801759307,30.22157418195509,19.610569455548358
dl_current_highres,60,0.10872157585480044,0.0025927948237791845,38.85709054692184,0.9266648541935169,0.5273304687139004,0.022632726007020564,30.161045951259585,19.432631245725105
cnn_sa__coattn,60,0.10677458698779356,0.003723415596501744,38.161236737737056,1.3307487114637981,0.5438499548093711,0.031907831953902344,29.641077058461118,19.261542859766287
hist_gbm@highres,60,0.11612110943789218,0.0045633312402448886,41.50168380435566,1.6309345574111596,0.46034167662902,0.042787459811805276,32.20038006421139,20.995605520567718
catboost@highres,60,0.11549475040031684,0.004427420224043297,41.277823088149226,1.582359961050246,0.46618272383480347,0.041511169168533826,31.960048140744796,20.67065546517914
lightgbm@highres,60,0.11635150740586893,0.004274453699725924,41.58402803670431,1.5276897261928504,0.4582902377920175,0.03994409888409408,32.299133313663745,21.021819989752114
xgboost@highres,60,0.11668867744125457,0.0059451940790687325,41.70453260529322,2.12481232757258,0.45455268056670356,0.056351799737257346,32.402793245481924,20.935390251459047
random_forest@highres,60,0.11341531640311008,0.0036710042048989154,40.534633390239385,1.3120168804248409,0.48542175320159225,0.03393361825646685,31.569867966456734,20.44540495564667
ridge@highres,60,0.11814050896309186,0.0029410215589954843,42.22341718233659,1.051121087234415,0.4418599654615099,0.027586980105875722,32.70448705243702,21.198234953598615
svr_rbf@highres,60,0.12573047475160343,0.002776889759926016,44.936070908825144,0.9924603832487681,0.3679135212170161,0.028041770136616084,34.37932052204272,22.102838389098565
hist_gbm@binned,60,0.1172203567748094,0.004801932127034827,41.8945547958606,1.7162105128935796,0.4500117941474514,0.04508905474882842,32.2504350813253,20.918351112854253
random_forest@binned,60,0.11139530954845,0.004771427190952187,39.81268295271302,1.7053080489238313,0.5032469865617533,0.043794898393717106,30.948085133488497,20.08579965015184
ridge@binned,60,0.11666742910067666,0.004223675731054696,41.69693844850036,1.5095416804996775,0.4553630709005951,0.03903801942682508,32.09032114485214,20.771497578516254
persistence_5min,60,0.16003290146270416,1.8406120809968723e-17,57.19575800600715,6.578347465140776e-15,-0.023596099031794715,0.0,42.22343921686746,22.911787005969504
dummy_mean,60,0.16102731748707824,0.0020701209010882994,57.55116228704902,0.739861197413943,-0.036506378612079365,0.02671450719833794,44.5230726177437,29.021662770241036
